name,loc_id,address,pcb_count
"東急百貨店さっぽろアミューズパーク","LhpJz81E2AwOJEYNWzD0yg","北海道 札幌市中央区 北四条西 2-1　東急百貨店さっぽろ店9F","4"
"ラウンドワン札幌すすきの","DEcah2oynr8vD325wTaU9A","北海道 札幌市中央区 南五条西 3-6-1","4"
"タイトーステーション札幌狸小路2丁目","tgNdKGtqlA5hY25gmz9oNQ","北海道 札幌市中央区 南三条 西2-14　ニコービル","2"
"GiGO 札幌駅西口","H57iUkDJXydOoqQFnN4QYQ","北海道 札幌市北区 北六条西 6　JR高架下","2"
"ゲームランド新さっぽろ","vjFsQO-W_EKqzoDeiiCykg","北海道 札幌市厚別区 厚別中央二条 5-7　新さっぽろアークシティ　カテプリ新さっぽろ3F","2"
"ラウンドワンスタジアム札幌北21条","FRVHpQMTAClhOqqm7Xsoyg","北海道 札幌市東区 北二十一条東 1-1-21","2"
"アドアーズ札幌北42条","WPMRbdk-NXkwkyFw5mLNsw","北海道 札幌市東区 北四十二条東 7-1-1　ドン・キホーテ北42条店2F","2"
"ソユーゲームフィールド札幌苗穂","1iCoQV6-n2TD_HyVDOmkkA","北海道 札幌市東区 東苗穂二条 3-1-1　イオンモール札幌苗穂2F","2"
"キャッツアイ清田","hzWMFmJ3s3CoA1QAK-ThLA","北海道 札幌市清田区 清田一条 1-20-1","2"
"ソユーゲームフィールド札幌発寒","JT1UcxNgiLhYs1rNSY5KJA","北海道 札幌市西区 発寒八条 12-1-1　イオンモール札幌発寒3F","2"
"ラウンドワンスタジアム函館","TZAv1Nmcw3ocBewGVGXf0Q","北海道 函館市 西桔梗町 848-11","2"
"namcoウイングベイ小樽","PIfWgXto_lsSRv9nyeo1WQ","北海道 小樽市 築港 11-5　ウイングベイ小樽5番街2・3F","2"
"ソユーゲームフィールド旭川駅前","tCZEbuhu-jhGRhKMXYGniA","北海道 旭川市 宮下通 7-2-5　イオンモール旭川駅前4F","2"
"アミューズメントスペース遊ランド春光","Xaqa-MmVS9DlDnuG3vkdbw","北海道 旭川市 春光一条 7-2-25　第2ダイワビル2F","2"
"ラウンドワンスタジアム旭川","_xdOEjTFE2umwHG2jRUxhw","北海道 旭川市 永山三条 1-4-7","2"
"ソユーゲームフィールド旭川西","0hkAd4HizdjwIY6zdrUbxA","北海道 旭川市 緑町 23-2161-3　イオンモール旭川西3F","2"
"アミューズメントスペース遊ランド西御料","ZAWsW9j8yFJi-GcK1w2TqA","北海道 旭川市 西御料五条 2-1","2"
"GiGO ドリームタウン白樺","9ywxD-5JxPNbA3XlsZFoLA","北海道 帯広市 白樺十六条西 2　ドリームタウン白樺内","2"
"モーリーファンタジー苫小牧","hNCVw2GOJbZ2bni2ioqSZg","北海道 苫小牧市 柳町 3-1-20　イオンモール苫小牧　イオン苫小牧店2F","2"
"アミューズメントスペース遊ランド稚内","kI8lAziyvWuHSU42ftYEzg","北海道 稚内市 港 5-8-15","2"
"キャッツアイ恵庭","FA3p5k7wZGjc5QDJ64GzGA","北海道 恵庭市 住吉町 2-9-1","2"
"モーリーファンタジー上磯","r_mXJiFfetObfc3OUUnt-w","北海道 北斗市 七重浜 4-44-1　イオン上磯店1F","2"
"PALO釧路","65Q_NIz9GQiKQu9PQV7P_A","北海道 釧路郡釧路町 桂木 1-1-7　イオン釧路店2F","2"
"ユーズランド下田","mSS8_YA6PY90rt4wxxebBg","青森県 上北郡おいらせ町 中野平 40-1　イオンモール下田1F","4"
"ラウンドワン青森","L89y1qRIN153St-aNZj91w","青森県 青森市 浜田 3-1-1","2"
"タイトーステーション青森アムゼ","7MKOMN45IrUMRgcHfxT3_Q","青森県 青森市 緑 3-9-2　サンロード青森アムゼ内","2"
"ソユースペースファンタジーインフィニ","3nUxecHCAT-i7SPYI6gJ9g","青森県 弘前市 城東北 3-10-1　さくら野百貨店弘前店4F","2"
"タイトーFステーション八戸","a5NyLtmiGQRrZS4uLih95w","青森県 八戸市 三日町 27","2"
"GiGO 八戸","LsjVp1XmDlMMuCVWwwiJqg","青森県 八戸市 城下 4-25-14","2"
"ゲームランドつがる柏","Y5vRfIhq_cnJiO5cMj95pg","青森県 つがる市 柏稲盛幾世 41　イオンモールつがる柏本館2F","2"
"ソユーゲームフィールド盛岡南","-F8jxSRXQL9aFB-mRSXwLA","岩手県 盛岡市 本宮 7-1-1　イオンモール盛岡南2F","2"
"タイトーFステーション盛岡南","qJChK7LLBnEYwhJNoOKizg","岩手県 盛岡市 津志田町 2-1-77","2"
"ラウンドワンスタジアム盛岡","lhPjYxW30376WQgOUSimRQ","岩手県 盛岡市 盛岡駅西通 2-10-35","2"
"ソユーファミリーゲームフィールド花巻","6ODpT1TwiAON5B7x5OMWOA","岩手県 花巻市 高木 第16地割68-6　銀河モール花巻1F","2"
"ソユーゲームフィールド釜石","-5JbKSsfwK-jpbgonWFYOw","岩手県 釜石市 港町 2-51-41　イオンタウン釜石3F","2"
"テクノワールド","HjfPQCA9wNzHZnf73gzVTQ","岩手県 奥州市 江刺区愛宕字梁川 127-1","1"
"タイトーステーション仙台名掛丁","_3y6xX8FjWi2uiCPrpc4UQ","宮城県 仙台市青葉区 中央 1-7-13","4"
"バンダイナムコ Cross Store 仙台","3dn0Ct6NxaCQZbw_IMKXWQ","宮城県 名取市 杜せきのした 5-3-1　イオンモール名取3F","3"
"ゲームフィールド仙台長町","EkjeQb4Z4mcmE0b7pHT2pw","宮城県 仙台市太白区 長町 7-20-3　ザ・モール仙台長町3F","2"
"モーリーファンタジーヨドバシ仙台","A-rojugFcz50zzaVSbizQg","宮城県 仙台市宮城野区 榴岡 1ｰ3−1　ヨドバシ仙台第1ビル5F","2"
"ラウンドワン仙台苦竹","PRRyoyf1GVSclhb6DNed7A","宮城県 仙台市宮城野区 苦竹 1-7-10","2"
"ラウンドワンスタジアム仙台泉","kBbi5fNOJWustml2IJt1lw","宮城県 仙台市泉区 大沢 2-12-4　仙台泉インターシティ1・2F","2"
"GAME BANK 泉","PxXWTR6SVhQUo1Cujad0lw","宮城県 仙台市泉区 大沢 2-5-4","2"
"ゲームコーナー東部","37uxHObyaKaWrP4st9eivg","宮城県 仙台市若林区 六丁の目中町 26-60　斎喜東部ビル","2"
"タイトーステーション仙台クリスロード","SlSXiCxBcPyvExFshZ3vPA","宮城県 仙台市青葉区 中央 2-3-25","2"
"GiGO 仙台","08rsOjm3vjm8e677jwwdXg","宮城県 仙台市青葉区 中央 2-5-5","2"
"GiGO 石巻","uDeX5CptmdigD5XBXEBUNw","宮城県 石巻市 大街道東 4-1-45","2"
"プラサカプコン石巻","ezX2oakgeQdZJIM0bpC5Gg","宮城県 石巻市 茜平 4-104　イオンモール石巻2F","2"
"GiGO 名取","3kKfDLlZgvHCqVD5MftddQ","宮城県 名取市 飯野坂字土城堀 57-1","2"
"ゲームランド佐沼","Emmn3DtAPqwczdqRp-gnhw","宮城県 登米市 南方町新島前 46-1　イオンタウン佐沼1F","2"
"ソユーゲームフィールド古川","XUsqBCYKjhdYSh0uJX49LQ","宮城県 大崎市 古川沢田 字筒場浦15　イオンタウン古川内","2"
"ユーズランド大河原","tsiNU4QZ2WKuZci4VqlNYg","宮城県 柴田郡大河原町 小島 2-1　フォルテくらし館2F","2"
"GiGO 仙台利府","x8gZNPqPXE8NX_7tCukm_Q","宮城県 宮城郡利府町 加瀬字新前谷地 55-1　利府ペアガーデン内","2"
"秋田OPAアミューズパーク","8bvPwzsrBaW-rq2wiZy28g","秋田県 秋田市 千秋久保田町 4-2　秋田OPA5F","3"
"namcoイオンタウン大館西","P8LLLeafeRhshAgg_izneQ","秋田県 大館市 根下戸新町 18-121　イオンタウン大館西内","3"
"ラウンドワンスタジアム秋田","2YMiIO9zXSd_L8cojSRt1Q","秋田県 秋田市 卸町 1-1-2","2"
"ソユーゲームフィールド御所野","IezrtwPDeAgwmWcMA5wFGg","秋田県 秋田市 御所野地蔵田 1-1-1　イオンモール秋田2F","2"
"プラサカプコン大曲","yPk_gRySBqHY42yREc9D7w","秋田県 大仙市 和合字坪立 177　イオンモール大曲2F","2"
"GiGO 米沢","IL1IMzpKIx4xHMC2DCOMvQ","山形県 米沢市 花沢字タナコ原 177","2"
"GiGO 天童","eLRczaz4eFICkYJN_-X0MA","山形県 天童市 南町 1-5-26","2"
"ソユーゲームフィールド天童","pWSsbXzhsAzjD5RrffKVzg","山形県 天童市 芳賀タウン北 4-1-1　イオンモール天童　モール棟2F","2"
"ソユーゲームフィールド三川","9Adq2RlOWFvLyn8Mj9OVmA","山形県 東田川郡三川町 猪子字和田庫 128-1　イオンモール三川1F","2"
"namcoイオンタウン郡山","kssq9R-4FkV8sN1mDoESog","福島県 郡山市 松木町 2-88　イオンタウン郡山内","6"
"GiGO 福島南","6i3ehAnuCJUABPy5MR3CYg","福島県 福島市 黒岩字中島 7-2","4"
"GiGO 福島","tkQH_JmxyWRaeE2kSiKTng","福島県 福島市 本内中井 1-2","2"
"ラウンドワンスタジアム郡山","c4Y1MwtcbRSVg2d7YBcv0w","福島県 郡山市 向河原町 4-55","2"
"タイトーFステーション郡山オリエントパーク","Y5fsE_KVXSsqmS737uyxJQ","福島県 郡山市 郡山市安積町荒井字大久保 35-1","2"
"タイトーFステーション郡山アティ","AXfoSmK_0m9hl_3P20KbzA","福島県 郡山市 駅前 1-16-7　郡山アティ7F","2"
"ソユーゲームフィールド小名浜","UjlPMy6p6ro7OTXCHc4EUQ","福島県 いわき市 小名浜字辰巳町 79　イオンモールいわき小名浜3F","2"
"モーリーファンタジーいわき","XIHnYZhU7DCO9w-xlEzhtA","福島県 いわき市 平字三倉 68-1　イオンいわき店3F","2"
"ソユーエンターテイメントスタジオ須賀川","fziAI9CM4cCpovH-4bsHvw","福島県 須賀川市 古河 105　イオンタウン須賀川B棟内","2"
"ゲームスペースA-3","tLJt-tavBjx8KLsvVDItjw","福島県 西白河郡西郷村 豊作西 15-16-17","2"
"ゲームパニックつくば","XFQ_G4-d_K3a0Db8O1iZjg","茨城県 土浦市 中村東 1-1-1　サンタスワールド内","6"
"ゲームメガ日立","K1ayfp5EoDzSrYuog3IIAQ","茨城県 日立市 東多賀町 5-10-10","4"
"GAME PADDOCK +1 古河本店","62bBOi7u402l3nF-bOVfCA","茨城県 古河市 小堤 1916-1","4"
"ユーズランド水戸内原","_g5tCiEcek4HvS-ihNY16Q","茨城県 水戸市 内原 2-1　イオンモール水戸内原2F","3"
"スタジオプリモマイム水戸","bbToLo77NgEAmfChwME2oA","茨城県 水戸市 宮町 1-2-4　マイムビル1F","2"
"ピンクパンサー土浦","JaUX-5pTmloYJdl7Yd6cAA","茨城県 土浦市 木田余 4585-3","2"
"FESTA古河","mBw6fC91BMnfGnn4PLdjZw","茨城県 古河市 松並 2-18-10　マーケットシティ古河内","2"
"GiGO 石岡","fRUrzSGG9AfDGZHO4mjIOQ","茨城県 石岡市 東大橋中峯 1976-1","2"
"GiGO 龍ヶ崎","Lkc1Il7ZEcHYackoIXwwoQ","茨城県 龍ケ崎市 藤ケ丘 4-2-8","2"
"モーリーファンタジー下妻","gbgmUxABk_K2bFINRoq1xQ","茨城県 下妻市 堀篭 972-1　イオンモール下妻　イオン下妻店2F","2"
"ゲームメガつくば","WcB6IFKDfNQ9yjrw-yDmmg","茨城県 つくば市 小野崎 177-2","2"
"アミューズビバ","Cz3v_rXOoVSa-g4KlBeUqw","茨城県 ひたちなか市 東大島 2-11-11","2"
"ソユートイズニューヨーク守谷","77Io6utltUhLvaV4W8RRPA","茨城県 守谷市 百合ケ丘 3-249-1　イオンタウン守谷2F","2"
"namco宇都宮","_g-SvYkTDpr5BDyxNSVuLg","栃木県 宇都宮市 簗瀬町 1606-1　フェドラP＆D UTSUNOMIYA","6"
"namcoフェドラP＆D佐野","ss8fdK3dVVcVRcqXiY5gug","栃木県 佐野市 高萩町 1340　フェドラP＆D SANO","6"
"INTER PARK +1 宇都宮","UTPef_LlHWCAFOVSx28fIg","栃木県 宇都宮市 インターパーク 6-5-1","4"
"スタジオプリモ宇都宮","1WIrJYGKHgCrgm06F3R9iQ","栃木県 宇都宮市 曲師町 2-8　宇都宮フェスタB1F","2"
"GiGO 宇都宮","2t-StJ4o_M2WOXC6ZdHAaw","栃木県 宇都宮市 東宿郷 5-1-7","2"
"ラウンドワンスタジアム宇都宮","MEoJUMhO2nzheEonB5tG9g","栃木県 宇都宮市 江曽島町 2072-1","2"
"シーサイドリゾートアミューズメントパーク","gfET2IVPg9C2UVG3MZopRg","栃木県 宇都宮市 睦町 7-3","2"
"GiGO 足利朝倉","fn9ryXEPvQ9F4MBQXpOpbg","栃木県 足利市 朝倉町 244-1","2"
"モーリーファンタジー小山","rtKE4BG4zHMdtu2pSn-2hw","栃木県 小山市 中久喜 1467-1　イオンモール小山　イオン小山店2F","2"
"タイトーFステーション小山","TWYl5BaiDMrpcdAX5fCnqw","栃木県 小山市 喜沢 1475　おやまゆうえんハーヴェストウォークSC棟","2"
"アピナ小山","FWitkfTpwGL8B5ugE2Gfkg","栃木県 小山市 駅南町 4-27-18","2"
"大田原スポーツランド","yCMkVwXEq6Ps9uiP3MnJlA","栃木県 那須塩原市 一区町 104-60","2"
"マトリクス前橋","UoLg0OK5RhPqVhFYJdC2tg","群馬県 前橋市 小相木町 558-1","4"
"タイトーFステーション前橋リリカ","uSwWhcZt0DVWYF088YOqUg","群馬県 前橋市 国領町 2-14-1　前橋リリカ2F","2"
"ラウンドワンスタジアム前橋","sKgkm07ZPwkoEF0po-_Sgg","群馬県 前橋市 天川大島町 1101-1","2"
"タイトーFステーション高崎オーパ","NZA9FPLxh-yEP9rLsnd5yg","群馬県 高崎市 八島町 46-1　高崎オーパ7F","2"
"ユーズランド高崎","NhSyeJhLsnR1dZ5-Tuk7kA","群馬県 高崎市 棟高町 1400　イオンモール高崎2F","2"
"群馬レジャーランド高崎駅東口","ia42VZ7HlUikAtkExT3ysg","群馬県 高崎市 江木町 333-1　高崎EXビルB1・2F","2"
"インターワールド伊勢崎","003QXzgM3C5ak69pcb4vzg","群馬県 伊勢崎市 宮子町 3425-4","2"
"群馬レジャーランド伊勢崎","CKGHWsk5yZdwkIBFD-bnzw","群馬県 伊勢崎市 連取町 3066-1","2"
"ユーズランド太田","zPaaLkEoA0kLoJ0yC8oNAg","群馬県 太田市 石原町 81　イオンモール太田2F","2"
"群馬レジャーランド太田","KUvPBUY7vbZHDNq5haQlTQ","群馬県 太田市 西矢島町 162-2","2"
"GiGO 館林","-5kocSRl5OXnzTnK-3pUxw","群馬県 館林市 小桑原町 949-1","2"
"群馬レジャーランド渋川","sJrFI2wwg9TzeRk5UF9j8A","群馬県 渋川市 八木原 1364","2"
"群馬レジャーランド藤岡","0vb1o0ASWfpswitcQmhDZg","群馬県 藤岡市 中 2002-1","2"
"namcoイオンレイクタウンmori北","rqOZp4264oqE1sdCwvPIyw","埼玉県 越谷市 レイクタウン 3-1-1　イオンレイクタウンmori3F","10"
"タイトーステーション大宮","2Pq2E34sh4n2TEEzPzLKGg","埼玉県 さいたま市大宮区 大門町 1-1","6"
"namco熊谷","9fmJxA7NeGBEPVqVHdrtww","埼玉県 熊谷市 銀座 2-97　カルパビル1F","6"
"プラサカプコン羽生","omG6RFGdBp3jiLfJbtHcWw","埼玉県 羽生市 川崎 2-281-3　イオンモール羽生2F","4"
"ゲームファクトリーマグマ草加","lYaYfFQKBCW3tncZw5P55w","埼玉県 草加市 氷川町 2125-1","4"
"ゲームパニック三郷","l8DqX-urhuhDlN7aDsCkqQ","埼玉県 三郷市 ピアラシティ 1-1-200","4"
"埼玉レジャーランド大宮ラクーン","2-ZDYt_Fcuu-UVW1DwQgPQ","埼玉県 さいたま市大宮区 宮町 1-60　大宮ラクーン5F","2"
"埼玉レジャーランド大宮駅東口","rl0by6iVuWpQnupqUHV8WA","埼玉県 さいたま市大宮区 宮町 1-8　大宮セントラルビルB1F～2F","2"
"ラウンドワン大宮","6nJT8mxp3yYvZkJ8AKgqRA","埼玉県 さいたま市大宮区 宮町 4-90-7","2"
"ウェアハウス岩槻","h4fcJ9ZI0k5FJ7qqywjs8Q","埼玉県 さいたま市岩槻区 加倉 3-3-63","2"
"ウェアハウス三橋","lO2mhxIBCbIyCIbekHLzrg","埼玉県 さいたま市西区 三橋 6-955-1","2"
"GiGO 籠原","6bXlRU4i3BbjcGXVlFQu8A","埼玉県 熊谷市 美土里町 1-169","2"
"ソユーゲームフィールド熊谷","MmT7JdEaQC8QpacWeuDASg","埼玉県 熊谷市 銀座 2-245　SCニットーモール4F","2"
"ソユーゲームフィールド川口","NS6V4uuplRJHk-OL5fQvQA","埼玉県 川口市 並木元町 1-79　アリオ川口3F","2"
"ゲームシティ川口","Zx4QEqYhLyTlWyCEwRMEJQ","埼玉県 川口市 栄町 1-10-5","2"
"シルクハット川口","gYkGeizJ5wmDWrn8vD16zw","埼玉県 川口市 栄町 3-1-16　イート川口ビル4F","2"
"ラウンドワンスタジアム所沢","r9oP2-dsdeciHGA2l8T1BA","埼玉県 所沢市 東町 5-22　TOCOTOCOSQUARE所沢6F･7F","2"
"ユーズランド春日部","KxV1pVJwrky-wWKC65cJJQ","埼玉県 春日部市 下柳 420-1　イオンモール春日部2F","2"
"埼玉レジャーランド春日部","KWZJt1J_uhnIP23BIcWVtw","埼玉県 春日部市 増富字谷際 163-1","2"
"ラウンドワンさいたま・鴻巣","mBez2nhlfF0prqEezMaDmQ","埼玉県 鴻巣市 箕田 3163-7","2"
"ビデオゲームミュージアムロボット深谷","AVzHYwB0ypjPaJSNDf26sQ","埼玉県 深谷市 上柴町西 4-12-1","2"
"GiGO 花園","9UC0JHd1adyb0ksGKteicw","埼玉県 深谷市 荒川 359","2"
"ラウンドワンスタジアム上尾","hp8q8vL2sMe2GhrESkMPFQ","埼玉県 上尾市 平塚 917-1","2"
"モーリーファンタジー上尾","sDpDMtQtVr9sTV5Sqg9WaA","埼玉県 上尾市 愛宕 3-8-1　イオンモール上尾内","2"
"ウェアハウス草加店別館","fXtoYr6GMUZO61wFQ9srOA","埼玉県 草加市 稲荷 2-36-33","2"
"ラウンドワン草加","eaM_1TQ-WujnnxS8mKogeg","埼玉県 草加市 谷塚上町 204-1","2"
"ユーズランド越谷","1HN8mkYYVSNYRJR2CRNygQ","埼玉県 越谷市 レイクタウン 4-2-2　イオンレイクタウンkaze3F","2"
"アミューズメントFUNFUN越谷","LN85k4_yQkjy9CpsexPPSA","埼玉県 越谷市 南荻島 2770-1","2"
"アドアーズ蕨","fqpMPhqIr_9Z_qM9ULYB6A","埼玉県 蕨市 塚越 1-4-4　ラ・セーヌビル2F","2"
"GiGO 入間","jZmeNAl7JJJ_qXpf0NWoOg","埼玉県 入間市 東藤沢 2-18","2"
"ラウンドワンスタジアム朝霞","zWM3ecBM1iWdSymIm-SnqA","埼玉県 朝霞市 膝折町 2-16-10","2"
"タイトーステーション和光","ZvfT1yuCQUSkEVAfjIfYBw","埼玉県 和光市 丸山台 1-4-5","2"
"ソユーゲームフィールド菖蒲","3zXnSzXb4SrjZDZ6KuVGGg","埼玉県 久喜市 菖蒲町菖蒲 6005-1　モラージュ菖蒲3F","2"
"ラウンドワンスタジアムららぽーと新三郷","ExAuMnvLJyUJGTAbYKNk1w","埼玉県 三郷市 新三郷ららシティ 3-1-1　ららぽーと新三郷2F　20000番","2"
"インターワールド幸手","59PloKBDYcTHgjlk0UieuA","埼玉県 幸手市 上高野 2142-1","2"
"namco松戸","0cSpvzzy2Qk8q9gs-FY0Bw","千葉県 松戸市 松戸 1230-1　ピアザ松戸1F","10"
"GiGO 千葉","TVjWplj3qPM7t21sQBKqjw","千葉県 千葉市中央区 富士見 2-4-1","6"
"ゲームプラザセントラル浦安","BXwiJ_DXFJiKGWZjASoBwg","千葉県 浦安市 北栄 1-16-15　第四セントラルビル","6"
"ラッキー中央店フェリシダ","25NMlVHEFQ5JYjqA8w1OlA","千葉県 千葉市中央区 富士見 2-8-1","4"
"タイトーFステーション市川妙典","xDQGuPMEIwg-rxyCwE0ZrA","千葉県 市川市 妙典 4-1-1　イオン市川妙典2番街2F","4"
"アミューズメントエース津田沼","c_yGZhhKhl197dV9rsVw2A","千葉県 船橋市 前原西 2-15-1　ファミービル1～3F","4"
"シルクハット津田沼","KZF9-djPLFXmNUF7ZhD1sw","千葉県 習志野市 津田沼 1-2-1　十三ビルB1F","4"
"アドアーズ船橋","BI_m_MDOkQMnkT4V5bATAA","千葉県 船橋市 本町 1-31-26　セブン船橋B1～4F","3"
"スポーツウェーブ鉄腕24浜野","TavzBBTqdyPVxDdeZ4Qdgw","千葉県 千葉市中央区 浜野町 1025-59","2"
"スポーツウェーブ鉄腕24稲毛長沼","0uMIkIh47H_iy2YlLcAnmQ","千葉県 千葉市稲毛区 長沼原町 697","2"
"アミューズメントパフェパレパレ稲毛長沼","TE1CB9rT2Zq4SnI2jLxy0A","千葉県 千葉市稲毛区 長沼原町 737-25　フレスポ稲毛A棟-4","2"
"GiGO 幕張","RPEBMrDKCVE0Q1yYFDizSg","千葉県 千葉市美浜区 ひび野 1-8　メッセ・アミューズ・モール1F","2"
"スタジオプリモ本八幡","ZP6FxGu19bpEVqU1amQPSg","千葉県 市川市 八幡 2-15-10　パティオ5F","2"
"DAIKEIEN","3wQf1KcN70aRQ1chhYdwcw","千葉県 市川市 大町 359","2"
"ラウンドワン市川鬼高","YWqB8Zi9rkIzdhssQA2i0g","千葉県 市川市 鬼高 4-1-3","2"
"タイトーステーション船橋","RGI09Zl2-x7hyCYh5fEJRQ","千葉県 船橋市 本町 1-6-1","2"
"テクモピア船橋南口","u9-8SQQDNZIfUDcGpJjO0A","千葉県 船橋市 本町 1-7-6　ドリーム船橋ビル3F","2"
"アソビクル船橋海神","GetOn7Mjx41lSsVBS4gYtA","千葉県 船橋市 海神 3-124-3　コーナン京葉船橋インター店内","2"
"ソユーゲームフィールド木更津","-EV3J_aqGQOJH2ruUo49rg","千葉県 木更津市 築地 1-4　イオンモール木更津2F","2"
"GiGO 八柱","NwWn3KYY6c4T42TTco1IAg","千葉県 松戸市 日暮 1-1-1　八柱駅第2ビル2F","2"
"千葉レジャーランド野田","1WM0ORQybNaJjDQM1vRBqg","千葉県 野田市 吉春 776-1","2"
"アミュージアム茂原","KNeXGSJNVHfbRR81PcpoEw","千葉県 茂原市 高師 1619-1","2"
"プラサカプコン成田","g15jfUnDypHF1AhZhS5XWw","千葉県 成田市 ウイング土屋 24　イオンモール成田2F","2"
"ラッキー佐倉","yQCVD2gTLEUH8mwqFOVwLQ","千葉県 佐倉市 井野 1475","2"
"柏ヤングボウル","0SIH5e4tyHzhutaIABL5Dw","千葉県 柏市 南柏中央 11-1","2"
"ラウンドワンスタジアムアリオ柏","-Oiab6x3TMu27XiHb1xSUQ","千葉県 柏市 大島田 1-6-1　セブンパークアリオ柏　1070","2"
"GiGO 柏","biV5H1Babq1Lc-MTLKHe-Q","千葉県 柏市 柏 1-1-11　ファミリかしわB1F","2"
"柏ガリバー","r8-OtXqZTh_79G7MGYKUvw","千葉県 柏市 柏 1-1-11　ファミリかしわB1F","2"
"タイトーステーション柏","0lud_r0jOVEf-nzW2lClxw","千葉県 柏市 柏 2-3-1　フーサワビル","2"
"ゲームランドちはら台","Bk_aFhAJjdGYD-whdYRrqQ","千葉県 市原市 ちはら台西 3-4　ショッピングモールunimoちはら台2F","2"
"ゲームチャリオット五井","vnlsDMyNjkpaomDjiFhdFQ","千葉県 市原市 五井中央西 2-1-2","2"
"ラウンドワン市原","WG-IpOGWramgo6gcF2IDIQ","千葉県 市原市 八幡北町 3-5-1","2"
"キャッツアイ八千代","E5VWCP3-Eq5Hug2yhJAJeg","千葉県 八千代市 緑が丘西 2-13-3　ism緑が丘内","2"
"ゲームランド千葉ニュータウン","FrM3OwFiPqlVEhEmJXSauA","千葉県 印西市 中央北 3-2　イオンモール千葉ニュータウン　モール棟3F","2"
"フリスポ佐原","uL41kWjtAY4HQb0NTrRjzQ","千葉県 香取市 佐原イ 4200　佐原ミナミボウルゲームコーナー","2"
"千葉レジャーランド成東","CCZZIs9jbUSX3K8jq5c0sA","千葉県 山武市 姫島 111-1","2"
"GiGO 秋葉原5号館","V_KuXPj2gBQ4ckG2xe0lVw","東京都 千代田区 外神田 1-10-1","8"
"namco秋葉原","s-OlMZTtnjjcIfIGK4NaUA","東京都 千代田区 外神田 1-15-9","8"
"namco中野","BlQ9dEVrA_Oj20-Ywyri5Q","東京都 中野区 中野 5-52-15　中野ブロードウェイ別館","8"
"namco池袋","jFeULgmmhH-7muXm7pMcnw","東京都 豊島区 東池袋 1-22-10　ヒューマックスパビリオン池袋サンシャイン60通り1F","8"
"ゲームパニック秋葉原","rjRsDH0axSLSSQ9B4xO5wA","東京都 千代田区 外神田 1-13-1　Akihabara ex","6"
"東京レジャーランド秋葉原","YlXs7PTJ5d1KKhc6E0qvcA","東京都 千代田区 外神田 1-9-5","6"
"GiGO 大森","qjSW1JBzYceqBvnOnUsiig","東京都 大田区 山王 2-1-5　大森駅ララビル2F","6"
"GiGO 総本店","TzT3X8yKwuVVbfYS6FNJ1g","東京都 豊島区 東池袋 1-13-6","6"
"ゲームプラザセントラル八王子","Z_52hsJrffyzWMqIs5C-Og","東京都 八王子市 東町 12-15　第五セントラルビル","6"
"Hey","_QJ_v7QJD6_3GmPsuxTnrw","東京都 千代田区 外神田 1-10-5　廣瀬本社ビル","4"
"東京レジャーランド秋葉原2号","Fkt_NpDF1gcaMOz7dpSMqA","東京都 千代田区 外神田 4-3-3　ミナミビル6・7F","4"
"タイトーステーション新宿南口ゲームワールド","kjwJcVqJoOp6fCNeraaMCg","東京都 新宿区 新宿 3-35-8","4"
"ゲームパニック新宿歌舞伎町","kogiSusW_Xa8raSLz4QVYA","東京都 新宿区 歌舞伎町 1-20-1　ヒューマックスパビリオン新宿歌舞伎町1F・2F","4"
"GiGO 渋谷宮益坂","2xEHM65OS8rDRV9Enc_Whw","東京都 渋谷区 渋谷 1-14-14　EST渋谷東口会館1F","4"
"GiGO 赤羽駅前","ENHwoDol8N96gUob6ofMcw","東京都 北区 赤羽 1-2-4","4"
"プラサカプコン吉祥寺","m5Fn3xvt1CTW_CexoKpzqA","東京都 武蔵野市 吉祥寺本町 1-10-1　いなりやビルB1F","4"
"GiGO 町田","p_8gYsYmf71ucHkZWTjV6w","東京都 町田市 原町田 6-13-17　アーバンミサワビルB1・1F","4"
"タイトーステーション町田","WTq6n5ZpC40Z8CPuEWRrXA","東京都 町田市 原町田 6-21-23　松山ビル","4"
"Amusement＆Game MAGHREB","3f2m-WCjPzKI_MasZEjnNw","東京都 多摩市 落合 1-39-2　マグレブビル1F","4"
"アドアーズ上野アメ横","_Yws2EzN95JD_MlHXBz4qA","東京都 台東区 上野 4-9-14　上野K.K.ビルB1～4F","3"
"シルクハット蒲田西口","ZFlsXGcII04t-cmIufQU_g","東京都 大田区 西蒲田 7-2-3　第二醍醐ビルB1～2F","3"
"アドアーズ中野","-NoWkNoJwRiNep1LBnGxtA","東京都 中野区 中野 5-52-15　中野ブロードウェイ1F　185","3"
"namco王子サンスクエア","7QH3F8Il6P_PZfkdDdFTrg","東京都 北区 王子 1-4-1　サンスクエアビル2F","3"
"シルクハット八王子","uCuTGy2TKkyo_DKTEyQwGg","東京都 八王子市 旭町 2-5　八王子ツインタワービルA館","3"
"バンダイナムコ Cross Store アトレ秋葉原","HkIj0BCamqpvm_UQTj-jxA","東京都 千代田区 外神田 1-17-6　アトレ秋葉原1　2・3F","2"
"新宿スポーツランド本館","YElI7xKKPkVecrB1Yf0BtA","東京都 新宿区 新宿 3-22-12","2"
"タイトーステーション新宿歌舞伎町","mS4ICgIU8pdhHqKONI-dTg","東京都 新宿区 歌舞伎町 1-23-1　GE新宿ビル","2"
"GiGO 神楽坂","eODcmAvB7oiXpnqG3r8_yg","東京都 新宿区 神楽坂 2-11　第2カグラヒルズ1F","2"
"アドアーズ浅草","vej3pd48eMKhUc4RyQa-Gw","東京都 台東区 浅草 1-42-4　パシフィックコート浅草B1・1F","2"
"タイトーステーション錦糸町楽天地","oERfbDdmSSmABdi_f-U2Vg","東京都 墨田区 江東橋 4-27-14　楽天地ビルB1F","2"
"アドアーズ亀戸","cwCi9f1M_FyyJTXuymC4iw","東京都 江東区 亀戸 5-2-6　サンエービル1～5F","2"
"ラウンドワン南砂","wtvj3IWp4Y3zTXdJHHQYog","東京都 江東区 南砂 6-7-15　南砂町SCトピレックプラザ4F","2"
"ラウンドワンスタジアムダイバーシティ東京プラザ","DR-gIODZjvd0wOxtt8Sklg","東京都 江東区 青海 1-1-10　ダイバーシティ東京プラザ6F　61000番","2"
"ソユーザウルスワールド大森","Tdz5gso00z1Kmy4Vu0UaSw","東京都 大田区 大森北 2-13-1　イトーヨーカドー大森店3F","2"
"GiGO 池上","UrybCfG7VA7e2Q_ySXZ3kg","東京都 大田区 池上 6-2-3　松山ビル2F","2"
"アミューズメントスペースASO:VIBA！","FFmEzNE2SNEmuVWU8Yywpg","東京都 渋谷区 恵比寿 1-10-5　三恵エビスビル2・3F","2"
"アピナ荻窪","AKbzQtbQxbTAACYifp4ABQ","東京都 杉並区 上荻 1-13-10　ハクサンビル","2"
"ゲームスタジオキューブ高円寺","mirODnjHkJm2DgjAYFT80g","東京都 杉並区 高円寺南 4-26-12　福丸ビルB1F","2"
"ゲームW","SJTfTmHPxS6xeskbr9uzQA","東京都 豊島区 南長崎 5-27-6","2"
"ラウンドワン池袋","XVFBqLGoGGtHLD-_2pm7tQ","東京都 豊島区 東池袋 1-14-1　池袋スクエア内","2"
"東京レジャーランド池袋","S3_B7xA2Tj-RCDAqAoEhDA","東京都 豊島区 東池袋 1-29-1　サントロペ池袋2・3F","2"
"タイトーステーション池袋西口","bOP7azTcoAY7m5DWVD9WwA","東京都 豊島区 西池袋 1-15-9","2"
"アイドルマスター オフィシャルショップ 315!!!SHOP","ud9E9-XUBNsCrPjct-vTBg","東京都豊島区東池袋3-1-3 サンシャインシティ・ワールドインポートマートビル3階 バンダイナムコ Cross Store 東京内","2"
"GiGO 赤羽","xghdJL0PpJS_PJ719smIVg","東京都 北区 赤羽 1-7-9　赤羽第一葉山ビルB1F","2"
"GiGO 成増","oNbBERUpz-gXjHPUUaLyhg","東京都 板橋区 成増 2-17-24　五曠第6ビル","2"
"ラウンドワンスタジアム板橋","6uH9mqwjq-ezWQbDb6cFsg","東京都 板橋区 相生町 16-13","2"
"ゲームパーク石神井公園","znVi0xnIOyxDSaOI1AhYQA","東京都 練馬区 石神井町 3-17-16","2"
"ミラクルイン中村橋","zbk5tSAhBMM3jbB3cBoX0Q","東京都 練馬区 貫井 1-1-2　YKビル2F","2"
"ウェアハウス入谷","8NcfMa5gz3-W39SpLji9Cw","東京都 足立区 入谷 7-8-11","2"
"GiGO 竹の塚","hG35cxR2XNJmIno4y-RfkA","東京都 足立区 竹の塚 6-8-6","2"
"東京レジャーランド亀有","7WeZp98sG5l5t298FDHPPA","東京都 葛飾区 亀有 3-21-2","2"
"GiGO 船堀","F0m56VLrB_9JV-XVDwEOWw","東京都 江戸川区 船堀 1-6-11","2"
"GiGO 西葛西","22ncYCzeXPyf8D8UDEmr9w","東京都 江戸川区 西葛西 5-1-14　第一保志ビル","2"
"GiGO 八王子高倉","KIdCTp9vgKMB1pOWen-b8Q","東京都 八王子市 高倉町 55-4","2"
"タイトーステーション立川北口","Yih1CoKG2xSObe7uo60VVw","東京都 立川市 曙町 2-4-5","2"
"GiGO 立川","l1PJ2RhdSrzlUBvi1hI1ow","東京都 立川市 柴崎町 3-2-1　サザンビル1F","2"
"ラウンドワン吉祥寺","Yuo1s49iDiztJYkC7i3vrA","東京都 武蔵野市 吉祥寺本町 1-11-22","2"
"東京レジャーランド吉祥寺","nAU8y234GWkWLkAsxdpmlQ","東京都 武蔵野市 吉祥寺本町 1-3-7　YSビルB1～4F","2"
"ラウンドワン府中本町駅前","Tk0mfSgQLoQ1yJXInOLHlg","東京都 府中市 本町 1-13-3　カネタビル","2"
"アドアーズ仙川","r-qoNkjNS-0akdAPimoKXA","東京都 調布市 仙川町 2-21-12　VICビル7　1～3F","2"
"GiGO 調布","0A7nzWOnXbkzhigGVlB_bw","東京都 調布市 布田 4-2-4","2"
"ラウンドワン町田","lRJjNr5TpAmhIptlbQXoKw","東京都 町田市 森野 1-13-14","2"
"タイトーステーション国分寺","vfwnTBMykKE4MtOGLeikWg","東京都 国分寺市 本町 3-5-11","2"
"ユーズランド日の出","epO3RpifzpZpLxfF1iasgQ","東京都 西多摩郡日の出町 平井字三吉野桜木 237-3　イオンモール日の出3F","2"
"タイトーステーション秋葉原","_eibz69Hb8bFn6hEZQmGMQ","東京都 千代田区 外神田 4-2-2　貴三ビル","1"
"ゲームセンターWILL WGC","RJeQ16DDc4abdIq9Dbhr4w","東京都 立川市 羽衣町 2-4-13　羽衣長田ビル101　WGC","1"
"シルクハット川崎ダイス","WbwlFMTjE71sKGogTo1c5w","神奈川県 川崎市川崎区 駅前本町 8　ダイスビルB2F","8"
"タイトーステーション横浜西口五番街","yxzxsSQbWwWnWaXvuAOtwA","神奈川県 横浜市西区 南幸 1-12-9","4"
"ラウンドワン横浜駅西口","iLHpYbDKF0BZL-z8dGegTw","神奈川県 横浜市西区 南幸 2-8-16","4"
"GiGO センター南","W-xCYkmE4lyJN6SsSKg6hA","神奈川県 横浜市都筑区 茅ケ崎中央 3-25　aune港北1F","4"
"シルクハット川崎モアーズ","WMFhuhyYqB97ZnO74L8ySA","神奈川県 川崎市川崎区 駅前本町 7　川崎モアーズ1・2F","4"
"タイトーステーション溝の口","eY7_H2gIdEfHI6x8OJ8H8w","神奈川県 川崎市高津区 溝口 1-11-8　OKKA634ビル1F","4"
"ラウンドワンさいか屋横須賀","eRqySWPI8CQgA2J-dgLaRw","神奈川県 横須賀市 大滝町 1-13　さいか屋横須賀店内","4"
"プラサカプコン横須賀","4B4XPEruyp_8pkZ0uX-9Ug","神奈川県 横須賀市 若松町 2-30　横須賀モアーズシティ4F","4"
"シルクハット大船","otcrs1raTlcj0Y7VIIIXxQ","神奈川県 鎌倉市 大船 1-24　大船駅前ビル1～3F","4"
"神奈川レジャーランド厚木","o_SaLBY9p4_2lfp9Y3ro5g","神奈川県 厚木市 戸室 5-31-1　アツギ・トレリス2F","4"
"シルクハット伊勢佐木町","3bWuQDdHOePICuG1SK56wA","神奈川県 横浜市中区 伊勢佐木町 3-96　日活会館3F","3"
"バンダイナムコ Cross Store 横浜","p6-3QZ8AM5V1Z0sj1mBqrw","神奈川県 横浜市中区 新港 2-2-1　横浜ワールドポーターズビブレ2F","3"
"namcoラゾーナ川崎","JepYjIF4b83oo9KAFsFwBA","神奈川県 川崎市幸区 堀川町 72-1　LAZONA川崎プラザ4F","3"
"namcoOSC湘南シティ","iURdWRx_bncPkhvF0ukncA","神奈川県 平塚市 代官町 33-1　OSC湘南シティ内","3"
"タイトーステーション戸塚西口","qPEde2NsqUOT7R5n1QDqUA","神奈川県 横浜市戸塚区 戸塚町 4023","2"
"ラウンドワン横浜綱島","f6Gz2DZZ45_Di1FNbogGAA","神奈川県 横浜市港北区 樽町 2-6-40　T-PLATZ","2"
"GiGO綱島","qlt9SDdZg6F2XuuT8v_h3w","神奈川県 横浜市港北区 綱島西 2-6-29　城田ビル1～3F","2"
"GiGO 新杉田","OLKTYMadAAtvWIItlgQmSw","神奈川県 横浜市磯子区 杉田 1-1-1　らびすた新杉田2F","2"
"GiGO 港北インター","7vwCKZ0ruNLUK-MPdfq5kQ","神奈川県 横浜市都筑区 東方町 321-6","2"
"タイトーFステーション向ヶ丘遊園","ifuqpcbwK9lgu2zCURVyVQ","神奈川県 川崎市多摩区 登戸 2718-1","2"
"ラウンドワンスタジアム川崎大師","IaOkkHseA-BKry96dQ2Wqg","神奈川県 川崎市川崎区 殿町 1-5-1","2"
"GiGO 相模原","WMrnB_FuR_TpvfOUyfy0MQ","神奈川県 相模原市中央区 中央 2-1-5　ムトス内","2"
"GiGO 相模大野","9C7K-2_jTflBNREdgq967A","神奈川県 相模原市南区 相模大野 3-13-2　東和ビル2・3F","2"
"アドアーズ橋本","YS5oS-yQQGQLIICVQtj6ww","神奈川県 相模原市緑区 橋本 3-3-1　SING橋本2F","2"
"アドアーズ横須賀","Kf4U1-oVznb3BZGpfI937g","神奈川県 横須賀市 本町 3-27　ベイスクエアよこすか一番館　横須賀APT1F","2"
"ラウンドワンららぽーと湘南平塚","GRo_mC02M87GF-6ttlHpOA","神奈川県 平塚市 天沼 10-1　ららぽーと湘南平塚3F","2"
"GiGO 本藤沢","RMX-dUCjpOYMZXuun0uTww","神奈川県 藤沢市 本藤沢 5-6-8","2"
"シルクハット本厚木","OF08CLy2ZYxo5YBHpXbdVg","神奈川県 厚木市 中町 3-4-22　第二会田ビル2F","2"
"GiGO 本厚木","Ep8tBi7yccD3iMy9IQmm5w","神奈川県 厚木市 中町 4-15-9","2"
"プレイランド大和鶴間","w5I6X4CJoonyQr7PSdXbww","神奈川県 大和市 下鶴間 1-3-1　イトーヨーカドー大和鶴間店3F","2"
"アドアーズ大和店A館","YDbiNkERtIuup42PF5Rg6w","神奈川県 大和市 大和東 1-4-3　大黒屋ビル1・2F","2"
"タイトーステーション海老名ビナウォーク","p1BhZ0KnX4eNQCNYDIwiBA","神奈川県 海老名市 中央 1-18-1　ビナウォーク6番館2F","2"
"GiGO 海老名","KxAMy5MG4-qR-fmzJMSeMg","神奈川県 海老名市 中央 1-4-31　海老名プラザビル1F","2"
"namco新潟","u1MTTl5i_F7FWUKSJ1zXRA","新潟県 新潟市中央区 南笹口 1-1-1　ひもろぎビル2F","6"
"カプコサーカス新潟東","_INsvFeP7CpdKNhIuNirQg","新潟県 新潟市東区 大形本町 3-1-2　イオン新潟東店内ゲームコーナー","4"
"タイトーFステーションイオン新潟西","YZOZPARktXVDDYIaK8By8g","新潟県 新潟市西区 小新南 2-1-10　イオン新潟西店3F","4"
"タイトーFステーション燕三条","xlta14dMp9G6-c3r_3tWdg","新潟県 燕市 井土巻 3-150　イオン県央店アメニティ棟1F","4"
"タイトーFステーション上越","38xbgYVvaTvabTSyLEmWvA","新潟県 上越市 富岡 3524　J-MAXシアター内1F","4"
"ラウンドワンスタジアム新潟","UBZ7CvGInO9gbMiWlFrd9g","新潟県 新潟市中央区 美咲町 2-1-38","2"
"Feedy Diner＆Arcade 新潟亀田インター","xAlSlWdGuszNJzQP6paNfg","新潟県 新潟市江南区 下早通柳田 1-1-1　イオンモール新潟亀田インター2F","2"
"メジャーロード黒埼","h8JdNNRcv--4DyoBv82BUA","新潟県 新潟市西区 山田 3303","2"
"アピナ長岡","Xx9pnqr56FJdIleelpltxg","新潟県 長岡市 堺東町 22","2"
"HapipiLand十日町","NI_UUYDD00WXoITfRabp0w","新潟県 十日町市 丑 735-1","2"
"メジャーロード見附 WEST","ezgJOEwX-ATGXfNh4cvYvg","新潟県 見附市 上新田町字下野沖 516-1","2"
"上越レジャーランボウル","g8UVj9xJd4ZkJsc6bTL6Hw","新潟県 上越市 下門前 827-2","2"
"富山レジャーランド掛尾","l-6y0_ej1THHfyVgj0Cgwg","富山県 富山市 掛尾町 360-1","2"
"アピナ富山豊田","rZ-nNXYwETLGjY1DS5gu9Q","富山県 富山市 豊田町 2-12-66","2"
"トヤマレジャーランド呉羽","6OgKrYA-qnAUW0DQ_6ljLA","富山県 富山市 高木字貝塚 2054","2"
"ユーズランド高岡","3maJuGQ8lsSZE3MZQZg6nw","富山県 高岡市 下伏間江 383　イオンモール高岡2F","2"
"サービスエリアイン高岡","AcAIewngKzSCvIzp6v6xsQ","富山県 高岡市 下石瀬 857-1","2"
"ゲームスポットアップル","0mdIyC8oks0egF8Abo0xRw","富山県 魚津市 吉島 2-407-1","2"
"バイパスレジャーランド藤江新館","p9jy0M8iVdBbGW4nsRu-Cg","石川県 金沢市 藤江南 2-105","6"
"ラウンドワンスタジアム金沢","MCoRt58vlEyflG2Q0QnI5g","石川県 金沢市 横川 6-120-1","2"
"バイパスレジャーランド藤江本館","8ZLAOVSp9o2pKDS3giAPtw","石川県 金沢市 藤江南 2-41","2"
"バイパスレジャーランド加賀","YJfzyxCLj5be4RETqnaFpQ","石川県 加賀市 箱宮町 ヲ1-1","2"
"MIRAINOイオンモール白山","iGiQhkLIZC02yHbTIpD-Jg","石川県 白山市 横江町 5001　イオンモール白山3F","2"
"福井レジャーランド板垣","ZWyJV2AbZSs5k6Pw9Z3Izg","福井県 福井市 下馬 3-112","2"
"フクイレジャーランドワイプラザ","WLk9eDt9x-cYYdo1xn80iQ","福井県 福井市 新保北 1-303　パワーシティフクイワイプラザB棟2F","2"
"ジョイランド敦賀","dtX0wG3vlJ0_sD3GKPfefA","福井県 敦賀市 木崎 40　土三田12","2"
"GiGO 武生","vdrljDhJDOOKnaNZEC_GFA","福井県 越前市 新町 3字13-4　シピィタウン内","2"
"ゲームパニック甲府","7wX9Fw_tKIiJBrIGi8Y0Cw","山梨県 甲府市 国母 5-20-24","4"
"プラサカプコン甲府","UzSf8ZyfrDUWq0Ymx_ERdQ","山梨県 中巨摩郡昭和町 西条字北河原 3717","4"
"ラウンドワンスタジアム長野","mtkQGduLJYTjzlLD9puRVQ","長野県 長野市 東和田 827-6","2"
"アピナ松本","qed73OVsGkV6th9FBRftWw","長野県 松本市 双葉 19-10","2"
"GiGO 豊科","Ezw192oIdvbY3XTMK6iDpg","長野県 安曇野市 豊科南穂高 1115　スワンガーデン安曇野内","2"
"岐阜レジャーランド穂積","1agMaI4AB6Bbll5yz2wxwg","岐阜県 瑞穂市 稲里 630","4"
"ACグランド茜部","jPwNjqwZCslQP_vXF_Gg3w","岐阜県 岐阜市 茜部大川 1-77","3"
"MIRAINOイオンモール土岐","S5XD8OEVvMYJ3fWCPzX0SQ","岐阜県 土岐市 土岐津町土岐口 中山1372-1　イオンモール土岐2F","3"
"モーリーファンタジーf 岐阜","K3hlYBNGk4tCFjWTWD6S1A","岐阜県 岐阜市 正木中 1-2-1　マーサ21北館3F","2"
"ゲームピコ鵜沼","HQaVPyhaNgkdhwlq_c2jZg","岐阜県 各務原市 鵜沼西町 3-309　イオンタウン各務原鵜沼内","2"
"ラウンドワンモレラ岐阜","fW2gQxdnbte1vICi7PDyfA","岐阜県 本巣市 三橋 1100　モレラ岐阜2Fスノープラザ","2"
"GiGO サントムーン柿田川","tDPJ7aoBHdEBxayj5DNgjQ","静岡県 駿東郡清水町 玉川 61-2　サントムーン柿田川本館2F","4"
"アップル新北街道","ZWsAHzLixCUK5En4Ci7HEA","静岡県 静岡市葵区 沓谷 5-13-4","3"
"カプコンマークイズ静岡","VH61ayrgVeWZlVlYKNQ57A","静岡県 静岡市葵区 柚木 191　マークイズ静岡3F","2"
"ラウンドワン静岡・駿河","hMvPUTrgPP5NWj1bNbejwA","静岡県 静岡市駿河区 手越 75","2"
"ポート24浜松","AViiQmqRZZoSLsbZKrvH_g","静岡県 浜松市中央区 坪井町 4183-1","2"
"ラウンドワンスタジアム浜松","2TSaEN20zY4V3zgbrgdB6A","静岡県 浜松市中央区 天王町字諏訪 1981-17","2"
"プラサカプコン志都呂","Ww-rnao5zP6GvFaRr2C_qA","静岡県 浜松市中央区 志都呂 2-37-1　イオンモール浜松志都呂3F","2"
"楽市楽座サンストリート浜北","yb8RIeGXGOmavQgnTLmy7g","静岡県 浜松市浜名区 平口 2861　サンストリート浜北2F","2"
"アップル島田","qMsdAzutuOjEXVB6f6fg9w","静岡県 島田市 宝来町 8-5","2"
"ラウンドワン富士","FFyrJcdRyexXwn513WFnog","静岡県 富士市 八代町 4-15","2"
"モーリーファンタジーf 富士南","pAoxxQ56xzWjFYvDlHIhow","静岡県 富士市 鮫島 118-10　イオンタウン富士南2F","2"
"アップルグランリバー大井川","sx05dGBgbUm8FKGVGOwCdA","静岡県 焼津市 下江留 1327","2"
"アピナ焼津","J4XS18eZYZosPz8KO6Lyaw","静岡県 焼津市 道原 585","2"
"GiGO 掛川","RhCAHN7sK8RD4UAtY8erKA","静岡県 掛川市 細田 248","2"
"GiGO 袋井","fybuIak5m5Rxz5CSHESp6w","静岡県 袋井市 川井 1142-1","2"
"namco名古屋駅前","dGBPFCUskxBgPVYyY5JuGg","愛知県 名古屋市中村区 椿町 6-6　ビックカメラ名古屋駅西店B1・6F","8"
"ゲームパニック大須","jk53mkKF2xxohgpltWpEEg","愛知県 名古屋市中区 大須 3-30-93　メガタウンB1F","6"
"タイトーステーションフェドラ大須","sCDewv3uX1El61Xv5vvVxw","愛知県 名古屋市中区 大須 3-30-31　萬松寺駐車場ビル1・2F","4"
"ゲーム・キング・ジョイ","_HZmOYM6vTr7Ltes0gcchQ","愛知県 名古屋市中区 栄 3-3-32","4"
"名古屋レジャーランド内田橋","xhWcqjaoG9OHvb7Zz7MgDg","愛知県 名古屋市南区 内田橋 2-26-22","4"
"GiGO 金山","3-ORBrPCdQ-h4VpI8Mycsg","愛知県 名古屋市熱田区 金山 1-19-2","4"
"ゲームパニック大高","j2K-unC89HszP8F_031cYQ","愛知県 名古屋市緑区 忠治山 201　名古屋グランドボウルB2F","4"
"ゲームランド岡崎","niqSaLiggk5aCUH1Fod82Q","愛知県 岡崎市 戸崎町字外山 38-5　イオンモール岡崎シネマ館3F","4"
"GiGO 北岡崎","LBsjRSAKCdJtOP0xJkQ9Ag","愛知県 岡崎市 錦町 2-4","4"
"M'sPARK豊田","eqdGKTa5ep0JrNzZU8uHrA","愛知県 豊田市 寿町 3-21・22　トヨタグランドビル","4"
"バンダイナムコ Cross Store 名古屋","puqXF_2m8qXf-HFa12sMMg","愛知県 名古屋市西区 二方町 40　mozoワンダーシティ4F　4053区画","3"
"プラサカプコン稲沢","zl_Tyz36m7t6BcHpKMAJ2w","愛知県 稲沢市 長野 7-1-2　リーフウォーク稲沢　モール棟2F　区画No.201","3"
"コムテックスクウェア","cQRctRLqvj0NWvr-r5EluQ","愛知県 名古屋市中区 金山 1-16-8","2"
"アピナ名古屋栄","Q_X3pEIII3-m3kW_i38Nxw","愛知県 名古屋市中区 錦 3-17-15　ドン・キホーテ栄本店B1～B3F","2"
"ラウンドワンスタジアム中川1号線","kJ96BZIgAgy3qLH5CIEvXw","愛知県 名古屋市中川区 法蔵町 2-23","2"
"コムテックタワー","F7ljdxdhKJx1C3ESSTcUXw","愛知県 名古屋市中村区 名駅 4-10-20","2"
"GIGO マーケットスクエアささしま","-VKb5bpF1YJYJW5jKvAjtw","愛知県 名古屋市中村区 平池町 4-60-14　マーケットスクエアささしま1F","2"
"ファンタジープラザ名古屋","lpod1NXrZ-3eyHzdqKwneA","愛知県 名古屋市北区 玄馬町 234-1　CROSS TOWN　ドン・キホーテ名古屋本店2F","2"
"ラウンドワン千種","ZujUSFrVKFgkq1A0AMyMMA","愛知県 名古屋市千種区 新栄 3-20-17　タイホウ千種駅南ビル8F","2"
"モーリーファンタジーf 新瑞橋","yqtry2mo9dZlIHOxc_BNjw","愛知県 名古屋市南区 菊住 1-7-10　イオンモール新瑞橋　イオン新瑞橋店3F","2"
"プラサカプコン徳重","K2mljTuYK1p_b7UccDHAiQ","愛知県 名古屋市緑区 鳴海町 字徳重18-44　ヒルズウォーク徳重ガーデンズ　ガーデンズ棟2F","2"
"ラウンドワンスタジアム豊橋","pKV8Q4SNthazlUGAKd1ENg","愛知県 豊橋市 大岩町字岩田 27-2","2"
"GiGO 豊橋飯村","2XbCctfme1gFxSAgJpaLMw","愛知県 豊橋市 飯村町西山 25-121","2"
"GiGO 岡崎","JJUKFKxqqu8AKFeYiXrzbg","愛知県 岡崎市 上地 3-50-4","2"
"ADXマミー岡崎","WjOKnaPt8-R61FKbJJgF3w","愛知県 岡崎市 井田新町 6-1","2"
"GiGO 尾西","uK9YXuilCH5wCvHvAXAEaw","愛知県 一宮市 篭屋 3-9-7　アソビックスびさい1F","2"
"ラウンドワンスタジアム半田","auvseEKrmb62d-DqdpXXaA","愛知県 半田市 瑞穂町 6-7-8","2"
"GiGO 春日井","FGp4SEhB9nT2NkBaS_X5wA","愛知県 春日井市 岩野町 4180","2"
"豊川メトロポリス","2KDJ_WbwTTgLhvmZt2ifuw","愛知県 豊川市 下長山町上アライ 14-1","2"
"MIRAINOイオンモール豊川","L7a18TGqDxWxtuIfjxLV-w","愛知県 豊川市 白鳥町兎足 1-16　イオン新豊川3F","2"
"GiGO イオンタウン刈谷","rYUoXzLtE2SOu7CX14RJfw","愛知県 刈谷市 東境町京和 1　イオンタウン刈谷内","2"
"M'sPARK刈谷","sGJo2Mn_qYmmXOU6jzdQUw","愛知県 刈谷市 稲場町 3-206","2"
"GiGO 豊田","utvRw5zMR8QOEKzMOGQA5g","愛知県 豊田市 深田町 1-65-1","2"
"安城メトロポリス","voxcgXrCQKrVGA2EeiUJkQ","愛知県 安城市 浜富町 6-8","2"
"GiGO 安城","sMdP3MbrPQMXa3-zM6Y5DA","愛知県 安城市 百石町 2-35-13","2"
"アミューズファクトリー常滑","xnp8nJaqYvWWMo8dwEzeDw","愛知県 常滑市 りんくう町 2-20-3　イオンモール常滑2F","2"
"ゲームアルカナ","tDl95pZUkUp57dQR6H-QLw","愛知県 稲沢市 朝府町 2-33","2"
"ファンタジックランド高浜","2nfzcDkk9U71AuXx04t_iQ","愛知県 高浜市 神明町 8-20-1　Tぽーと2F","2"
"ソユーゲームフィールド赤池","nE2yscc-S6s-nR2PflPnww","愛知県 日進市 赤池町 箕ノ手1　プライムツリー赤池3F","2"
"楽市楽座022楽市街道名古屋","xOTLqtgkZ_EJmpjwdug8OA","愛知県 北名古屋市 中之郷字神明 45-1","2"
"ラウンドワンスタジアム名古屋西春","4jQbSFy9ko3cDfx8mjIeow","愛知県 北名古屋市 宇福寺神明 15","2"
"ファンタジックランド西春","SuUWiF41VEtTPKWEQB9ZzQ","愛知県 北名古屋市 鹿田若宮 3926-10　ヨシズヤ西春店5F","2"
"GiGO 長久手","2WN0sxkV7WgyK-1oGTRy4g","愛知県 長久手市 武蔵塚 705","2"
"楽市楽座イオンモール扶桑","6Dun6oZZAza6Tr373KgjLg","愛知県 丹羽郡扶桑町 南山名字高塚 5-1　イオンモール扶桑2F","2"
"ユーズランド東浦","l8RKKMo7m7zzVon0E1mOiw","愛知県 知多郡東浦町 大字緒川字旭 13-2　イオンモール東浦2F","2"
"ポート24幸田","dAPkzhiuW-QbcFE0N7b-0g","愛知県 額田郡幸田町 高力字沖原 15　カメリアガーデン幸田内","2"
"PALOイオンモール津南","v7egYpiLlVfy9h86vBjWhA","三重県 津市 高茶屋小森町 145　イオンモール津南3F","2"
"ラウンドワン津・高茶屋","KFHPVXAmVC0crqK3fWMMaw","三重県 津市 高茶屋小森町 277-8","2"
"アピナ四日市","wpt7HVJFEH183x0u6gY6iQ","三重県 四日市市 泊小柳町 4-34","2"
"GiGO 生桑","fA52hitDDSF7YNZJLh9ILw","三重県 四日市市 生桑町字川原崎 299-1","2"
"アミューズメントスペースコミ丸四日市","JYCMwjakE89A93MuvfgXyQ","三重県 四日市市 鵜の森 1-3-19","2"
"アミパラ鈴鹿","98mZOKMJ_0SPLJ8-0FmtEw","三重県 鈴鹿市 西條町字東澤 430-1","2"
"滋賀レジャーランド大津","ma-2Lzmty6Hxy2QrJfPMTA","滋賀県 大津市 におの浜 3-1-43","4"
"namcoビバシティ彦根","dY6V_8zonTZg3J1kjlsVSw","滋賀県 彦根市 竹ケ鼻町 43-1　ビバシティ彦根2F","3"
"ラウンドワンスタジアム浜大津アーカス","x5uzPBNvllFb0wu8FGJbqw","滋賀県 大津市 浜町 2-1　浜大津アーカス内","2"
"彦根パスカ","7oKMXCf_2CYKS-AUbRItww","滋賀県 彦根市 西沼波町 166","2"
"タイトーFステーションイオン近江八幡","KtAFGVY8_cbLzlaHlstbQg","滋賀県 近江八幡市 鷹飼町南 3-7　イオン近江八幡SC2番街　イオン近江八幡店1F","2"
"ゲームランド草津","PwRR7fvv5tLCMwCjRRNrMg","滋賀県 草津市 新浜町 300　イオンモール草津3F","2"
"アミパラ草津","qT_0oMV8D8s6Ukq985V-AQ","滋賀県 草津市 木川町 72","2"
"アクション草津","g_9HNy3c2xEmMvZJuYGeCQ","滋賀県 草津市 野路 3-1-11　ACT草津2号館","2"
"ラウンドワン京都河原町","bY9a4pST8rybbdVCYuuXCQ","京都府 京都市中京区 河原町通三条下る山崎町 250","4"
"バンダイナムコ Cross Store 京都","YGFnfpv6GKnsaLGg3h91Fw","京都府 京都市南区 西九条鳥居口町 1　イオンモールKYOTO　Sakura館4F","4"
"ラウンドワンスタジアム京都伏見","wxIFO4huSpNdlLwuPEkJVA","京都府 京都市伏見区 下鳥羽平塚町 131","2"
"プラサカプコン京都","KKWDXFcZkgkbWw5phqwN7Q","京都府 京都市右京区 西院追分町 25-1　イオンモール京都五条3F","2"
"あそVIVAゲームセンター","nGZQjG4WFx9d0M73aGxRJg","京都府 福知山市 堀上高田 2146-1　あそVIVA1F","2"
"モーリーファンタジー高の原","J7e7o1XHru6N212sCFodcg","京都府 木津川市 相楽台 1-1-1　イオンモール高の原　イオン高の原店4F","2"
"アミパラ久御山","kE9wqLXYZ72SNCMOD716sA","京都府 久世郡久御山町 森 大内337　イオンタウン久御山内","2"
"namco梅田","LCI0iXEtSn8q48CMTp31cA","大阪府 大阪市北区 小松原町 3-3　OSビル1～3F","12"
"namco大阪日本橋","XuQh9gkh3pkL170fhZUthg","大阪府 大阪市浪速区 難波中 2-1-17　コスモビル1～3F","10"
"ラウンドワン梅田","taxoTRMPY-gM6NmIRmu4bA","大阪府 大阪市北区 小松原町 4-16","8"
"ラウンドワンスタジアム千日前","MVUXKbrszIHDDo0Ac5hR3A","大阪府 大阪市中央区 難波 1-3-1","4"
"GiGO 大阪第4ビル","uA83rC9I7s-hjuo3n-gGug","大阪府 大阪市北区 梅田 1-11-4　駅前第4ビルB1F","4"
"タイトーステーション大阪日本橋","AGzomhjWnkNK63BQaH8UzQ","大阪府 大阪市浪速区 日本橋 4-9-14","4"
"GiGO 難波アビオン","5BB8wDEw9o1OHziRDnANvQ","大阪府 大阪市浪速区 難波中 2-3-15　MMOビルB1～3F","4"
"GiGO あべのアポロ3F","nui6xmZI1X5GWsvYBqLiGA","大阪府 大阪市阿倍野区 阿倍野筋 1-5-31　アポロビル3F","4"
"ラウンドワンスタジアム堺中央環状","TqqhKc5g7x8_TcAJjmt1-A","大阪府 堺市東区 石原町 2-241","4"
"GiGO 布施","ALdFrzpnQgaKh8YaRJZS-A","大阪府 東大阪市 長堂 1-1-1　ロンモール布施内","4"
"namcoマグスミノエ","N2XkauGg7dELBn1-LxIDlA","大阪府 大阪市住之江区 泉 1-1-82　マグスミノエ1F","3"
"バンダイナムコ Cross Store イオンモール大日","z-BtUMqyz6QDyrUtpo3erg","大阪府 守口市 大日東町 1-18　イオンモール大日4F","3"
"GiGO 大阪道頓堀本店","9yLtPLYvhFWoCk_Y9X1UzA","大阪府 大阪市中央区 道頓堀 1-8-22","2"
"モーリーファンタジーLINKS UMEDA","XtDZQdSfuKTpJfrngp-fnw","大阪府 大阪市北区 大深町 4-8　LINKS UMEDA内","2"
"ラウンドワン東淀川","453J7048vAECAghuRBOJmA","大阪府 大阪市東淀川区 菅原 7-14-29","2"
"アテナ日本橋","qwR4xN9QePGhEfe6k1CAVg","大阪府 大阪市浪速区 難波中 2-1-22","2"
"ゲームポイントシャトーEX","-x28HPgenhZKihyQAozJkw","大阪府 大阪市都島区 東野田町 3-9-3　グランシャトービル1・2F","2"
"ラウンドワンスタジアム堺駅前","vDye4MmzU10qmBz4NdY_5Q","大阪府 堺市堺区 戎島町 4-44-3","2"
"ソユーゲームフィールド堺鉄砲町","QmB0AlrlJ1QgM_cEIVC72A","大阪府 堺市堺区 鉄砲町 1　イオンモール堺鉄砲町3F","2"
"ラウンドワンスタジアム高槻","CHwoPsffWJOSX4qcmaRVyg","大阪府 高槻市 辻子 3-6-4","2"
"ラウンドワン守口","3yQ5-VfmF89U09jSCUxtCw","大阪府 守口市 佐太東町 2-6-14　ジャガーグリーン2F","2"
"Feedy Diner＆Arcade 茨木","nPwBiLH62jgu1Y-3tdGVSA","大阪府 茨木市 松ケ本町 8-30-5　イオンモール茨木4F","2"
"あそVIVA阪急茨木","p94C8E_nLnhaMdWLHnkZsg","大阪府 茨木市 永代町 6-2　スポーツプラザ茨木2F","2"
"YAZ寝屋川","x6fFczbRzrMnfLhz5gT0xg","大阪府 寝屋川市 石津中町 25-26","2"
"モンキートリック","VwnYvgSVG-UR4-FFq8aZ_A","大阪府 寝屋川市 香里南之町 32-5　YNレジデンス香里2F","2"
"アミパラ大東","V39qvmc2SJPrPh28_TkEGg","大阪府 大東市 南新田 2-3-5","2"
"プラサカプコン藤井寺","xl39-WUJlfUJJqClP53IzQ","大阪府 藤井寺市 岡 2-10-11　イオン藤井寺SC2F","2"
"GiGO 三宮北口","bi1AfFo-XTrAT-2yc78hng","兵庫県 神戸市中央区 北長狭通 1-8-1　コスモビル2F","4"
"namco豊岡","P6IFzxR-h2tbDd7qleYm1w","兵庫県 豊岡市 中陰字大工 617　3F","3"
"タイトーFステーション三宮西館","ZMaLfVUyoNX54hkh4CRy9A","兵庫県 神戸市中央区 三宮町 2-11-1　センタープラザ西館3F","2"
"アルゴ","I2cuaeHkGExVtOWE9iFeUw","兵庫県 神戸市中央区 下山手通 1-1-8","2"
"ラウンドワン三宮駅前","TUn5h-mmq5OVNUjN0d3M-w","兵庫県 神戸市中央区 小野柄通 6-1-17","2"
"遊スペースマジカル","nc6fPgsQjV75DuRSkzX7JQ","兵庫県 神戸市中央区 琴ノ緒町 5-2-3","2"
"メガパレス遊スペースアローズ","-Mx1COw66CAbhYG-g8KtuA","兵庫県 神戸市西区 丸塚 2-9-18　ホームランスタジアムメガパレス2F","2"
"G-pala 花北","5CGjduH69nK99yIKnlSY-g","兵庫県 姫路市 増位新町 1-6　ヴィーナスタウン花北2F","2"
"モーリーファンタジー姫路大津","TSrQBc5IjdZvCdXE15ZNLA","兵庫県 姫路市 大津区大津町 2-5　イオンモール姫路大津　イオン姫路大津店2F","2"
"アピナ姫路","OoQZ3l2xFyy7cdHaLUPxpQ","兵庫県 姫路市 東郷町 1454-3　姫路リオス2F","2"
"遊楽舎姫路花田","PHol3cDSVqhTPL6D95qCkw","兵庫県 姫路市 花田町上原田 2-1　ビッグエムワン2F","2"
"ラウンドワン姫路飾磨","xswXcjaarG16hdpeqe4QoQ","兵庫県 姫路市 飾磨区中島 1-254","2"
"GiGO 姫路駅前","SntAV8PvUXJbmAdwZE2cjg","兵庫県 姫路市 駅前町 254　姫路OSビルB1F","2"
"GiGO つかしん","lggedNv2RSjdQUcewDQYCg","兵庫県 尼崎市 塚口本町 4-8-1　つかしんにしまち2F","2"
"モーリーファンタジー明石","PmNUO7b-3dJW7mFIdJ4inA","兵庫県 明石市 大久保町ゆりのき通 3-3-1　イオン明石SC3番街3F","2"
"ラウンドワン伊丹","KOlZofSMIbSVO6sRsVUxWQ","兵庫県 伊丹市 昆陽 7-29","2"
"NICOPA伊丹昆陽","eKz_wqwcYIl1zApmgS_wdQ","兵庫県 伊丹市 池尻 4-1-1　イオンモール伊丹昆陽4F","2"
"アミパラ加古川","6ajP4KZNxfZ8c95cv1J1bw","兵庫県 加古川市 尾上町今福 71-2","2"
"ラウンドワンスタジアム奈良ミ・ナーラ","9yUTB1_pofBLF-qshTdG7g","奈良県 奈良市 二条大路南 1-3-1　ミ・ナーラ5F","2"
"アミューズメントCUE奈良大和高田","YBspbi5DwNbuhCVvJRqCOA","奈良県 大和高田市 東中 2-11-16","2"
"アミパラ橿原","6T7Ozj3xyknt9aneTc4Fdg","奈良県 橿原市 十市町 1222-1　ツインゲート橿原1F","2"
"ソユーゲームフィールド奈良橿原","ioDu4RJS9OjlgIxPBNczUg","奈良県 橿原市 曲川町 7-20-1　イオンモール橿原3F","2"
"ユーズランド和歌山","_4QIg4wKtYX3JiRvvg8zEw","和歌山県 和歌山市 ふじと台 23　イオンモール和歌山2F","2"
"ピタゴラス和歌山","37jenbdchd9NKhFGndyfVQ","和歌山県 和歌山市 土入 73-1","2"
"ラウンドワンスタジアム和歌山","4VNESAgg2ze3gSKRohVKWw","和歌山県 和歌山市 小雑賀 739-3","2"
"アミパラがいな","os3vWpHgugYrgvv37g6ADg","鳥取県 米子市 日ノ出町 1-8-13","2"
"GiGO 松江","oaGJimiIdPF28uuaUugEwQ","島根県 松江市 嫁島町 12-15","2"
"PALO松江","QMzwb3vgUDEO3vgrjV2QHg","島根県 松江市 東朝日町 151　イオン松江SC　イオン松江店3F","2"
"you me CIRCUS 出雲","x7aXBIGWLLvuV0FMcPedtg","島根県 出雲市 大塚町 650-1　ゆめタウン出雲東館3F","2"
"ユーズランド倉敷","6zfxKovNVthvnosimI8w9w","岡山県 倉敷市 水江 1　イオンモール倉敷2F","4"
"モーリーファンタジーf 岡山","zdB6Q7_AGCHkB0UKkXb1Jg","岡山県 岡山市北区 下石井 1-2-1　イオンモール岡山　イオン岡山駅前店4F","2"
"アミパラテクノランド","DawC43P4Q8oEstQL4-Kfmw","岡山県 岡山市北区 大和町 1-7-12","2"
"アミパラ岡山","Zd8VCcI5EJCntk48EbZM1g","岡山県 岡山市北区 青江 1-13-8","2"
"ラウンドワンスタジアム岡山妹尾","zWbsujVB3SP82RZAxvr1Kg","岡山県 岡山市南区 妹尾 3413-1","2"
"ファンタジスタ","IXZP_DqH6Ot6YWPHl11Jrg","岡山県 倉敷市 新倉敷駅前 5-194","2"
"アミパラ倉敷","2PHgIg7a9QiT5o8-PsfIYg","岡山県 倉敷市 西中新田 624-1　アミパラボウル1F","2"
"namcoイオンモール広島府中","eEJPWYFMvxEN_SwIMWgksQ","広島県 安芸郡府中町 大須 2-1-1　イオンモール広島府中3F","6"
"namco広島紙屋町","uCFR-jCkHNPDpH6omPZWtA","広島県 広島市中区 大手町 2-3-3　大手町ナルミヤビル1F","3"
"タイトーステーション広島本通","JRMqlEd_DzbVUtTDs5sFAw","広島県 広島市中区 本通 3-5　せらかぐ本通ビル","2"
"ラウンドワン広島","05BgWC8_iCLCyI0oBh_iNQ","広島県 広島市中区 立町 3-11","2"
"タイトーステーション広島紙屋町","cQGAGO_mbM4gUa2lIstiWA","広島県 広島市中区 紙屋町 2-2-21","2"
"プラサカプコン広島","oB3TF16Sfy5AqXC77anvEQ","広島県 広島市佐伯区 石内東 4-1-1　ジ・アウトレット広島1F","2"
"GiGO 中筋","rjdEzvfqqnSta3fqtxhFbg","広島県 広島市安佐南区 中筋 4-11-7　フタバ図書MEGA祇園中筋店2F　レンタルコーナー奥","2"
"ブラックジャックアクア","8DFB-NbAxaKZi5dYhYsIcA","広島県 広島市安佐南区 大町東 4-12-11","2"
"GiGO アルパーク北棟","rGidToOvzpywKhwJBBCZ-w","広島県 広島市西区 草津南 4-7-1　アルパーク北棟2F","2"
"アミパラ広島","ikPCRl_Le62XPNO8OCsyQg","広島県 広島市西区 西観音町 3-17","2"
"GiGO 尾道","pq0UJ_Tk5ypgxof5nq6DIA","広島県 尾道市 新浜 1-2-13","2"
"アミパラ東尾道","x0KwM389Cd9sgjf2Zvvg8Q","広島県 尾道市 高須町 5688","2"
"あみぱらんど福山","0JF627lKzRljq1CDlVlYFg","広島県 福山市 三吉町南 2-8-24","2"
"ラウンドワン福山","LoNJo_p29uuPiX22okMdMg","広島県 福山市 明神町 1-9-28","2"
"GiGO 福山","BkO2sMhMdc3qSCbMNOQL9Q","広島県 福山市 瀬戸町山北 300","2"
"アミパラここじゃ","vMSJWICCeH0hDokFxKFQ5w","広島県 東広島市 西条町下見 6-10-19","2"
"GiGO 海田","FkOq794-dQWj-3zukTVASg","広島県 安芸郡海田町 南大正町 3-35","2"
"ネオ・ブラボー","gjLo1YWDwBojztmeIavxwA","山口県 防府市 高倉 1-3-30","4"
"アミパラ下関駅南","oHY1Kd7ZLOI1o_YJpDJBdg","山口県 下関市 東大和町 1-3-15","2"
"アミパラ下関長府","Y4SmKkjylIq9ud_4o71Gdg","山口県 下関市 長府才川 1-42-48","2"
"フレスパランドカッタの湯","RWB83Aiyt99pl4CGiNdK1Q","山口県 宇部市 海南町 1675","2"
"タイトーFステーション山口メルクス","EEoi04B15SwATkmzpQWSMw","山口県 山口市 黒川 82-1　ハイパーモールメルクス山口内","2"
"PALO防府","KCT8vUkh1nQRUYWlA2Sq9Q","山口県 防府市 中央町 1-3　イオン防府店3F","2"
"ソユーファミリーゲームフィールド防府","d47HlNP1hE2xenuKBZGAmw","山口県 防府市 鐘紡町 7-1　イオンタウン防府1F","2"
"アミパラ周南久米","0Zd-rEDboIDrE62DGEllsA","山口県 周南市 久米 2834　イオンタウン周南久米内","2"
"ゲームスポットSPEED","dGpr4RPrK0lWWIH2DzGAiQ","山口県 周南市 久米 3219","2"
"ラウンドワン徳島・万代","VyY015uSjzC5ofUW-bACdQ","徳島県 徳島市 万代町 4-19-1","2"
"アミューズメントパフェパレパレ田宮","BiXsAGj5fRXx__8by00DpA","徳島県 徳島市 南田宮 2-2-46","2"
"アミパラ丸亀","v0V2cyongIoS1pzzxOF0Dw","香川県 丸亀市 飯野町西分字川縁甲 584-1　ハローズ棟内","4"
"ゆめタウン高松店ゆめランド","4U6Y2yCz9KrIoQQy07H_Qg","香川県 高松市 三条町字中所 608-1　ゆめタウン高松2F","3"
"GiGO 高松","6Y6dZrX7P886Y8cpk8ElgA","香川県 高松市 勅使町 535","2"
"ラウンドワンスタジアム高松","Oy4aNxLtBklgf_hfb_1dDg","香川県 高松市 松島町 2-7-43","2"
"えの木高松","NaW7YMgZRLyU8a8Qw_KS4g","香川県 高松市 藤塚町 3-3-3","2"
"マックスプラザ善通寺","iMylaDMn3av4SuRKML61rA","香川県 善通寺市 中村町 1798-2","2"
"Feedy Diner＆Arcade 綾川","YMzbZjwaWu_qXB-mZmgdqw","香川県 綾歌郡綾川町 萱原 822-1　イオンモール綾川3F","2"
"プラサカプコン新居浜","a4IUv5Zp_8Wgw48hhw3IOQ","愛媛県 新居浜市 前田町 8-8　イオンモール新居浜2F","4"
"namcoパルティ・フジ西条玉津","U4WYsL9oBUuOHG6lf8za2A","愛媛県 西条市 玉津 564-1　フジ西条玉津店2F","3"
"プレイドーム松山","iXeyzPJDs9oAUmlp7nCtgw","愛媛県 松山市 余戸南 4-9-40　1F","2"
"アミューズメントパークMGキスケ","thqiYQA14Ci5jNqZjYYoig","愛媛県 松山市 宮田町 4　キスケボックス内1F","2"
"ラウンドワン松山","WQcOxHi38pHjAjFeTtHdJw","愛媛県 松山市 東長戸 1-3-10","2"
"GiGO 松山","mPBonQiZgCugZDHyZIhjdw","愛媛県 松山市 枝松 5-7-32","2"
"タイトーFステーション今治ワールドプラザ","EiRv9M_vOaGqO4sSSphR_A","愛媛県 今治市 東村 1-14-2　今治ワールドプラザ内","2"
"アミューズメントパークMG 伊予三島","0jhhdR1Gp0XTwsRXns6tSw","愛媛県 四国中央市 中之庄町 75-1","2"
"ソユーフォレストハンター松前","FTZC2qTLmGnN5NUGpwJODA","愛媛県 伊予郡松前町 筒井 850　エミフルMASAKI　エミアミューズ1F","2"
"ラウンドワン高知","diQaKpWw-QAx4pxNrKAzeQ","高知県 高知市 南宝永町 4-12","2"
"プラサカプコン高知","oAo0_-qytDBZRZN32Yf4AA","高知県 高知市 秦南町 1-4-8　イオンモール高知2F","2"
"アミパラ高知","nlbiff_jeeFSpKaFWMWl0g","高知県 南国市 篠原 194-1","2"
"namco博多バスターミナル","wPjgAc2Lg4hO-loyy7zffg","福岡県 福岡市博多区 博多駅中央街 2-1　博多バスターミナルビル7F","14"
"ラウンドワン福岡天神","SEGllzAlIIEMSWUAg9siUQ","福岡県 福岡市中央区 天神 2-6-12","6"
"楽市楽座003楽市街道箱崎","Eu391GRgIsIYcYb7UF_W8A","福岡県 福岡市東区 箱崎 5-1-8　楽市街道箱崎2・3F","4"
"パスカランド黒崎","nxskfvaM6yaLIotogYYkPA","福岡県 北九州市八幡西区 西曲里町 3-1　イオンタウン黒崎1F","2"
"PEP中津口","JuzBcnAY85c7RAf2-RcLEw","福岡県 北九州市小倉北区 中津口 2-2-16　ASOBOX3F","2"
"G-stage小倉","iiYL2VjRW3PvBU3uaHKchg","福岡県 北九州市小倉北区 浅野 2-14-5　あるあるCity2F","2"
"楽市楽座砂津","i427Qqwg99Nb9YH9qamfkQ","福岡県 北九州市小倉北区 砂津 3-1-1　チャチャタウン小倉B棟3F","2"
"ラウンドワンスタジアム小倉","YdtvLT130pt234qcbcRd3Q","福岡県 北九州市小倉北区 西港町 15-65","2"
"PEP魚町","747NR4t21JW-UuU0VwGYqw","福岡県 北九州市小倉北区 魚町 2-4-20","2"
"G-pala 小倉","OfdJoCFcDPz_K096Sa0u9A","福岡県 北九州市小倉南区 上葛原 1-14-1","2"
"タイトーステーション福岡天神","lbqEwPY9gSzkeHJhLi4bpA","福岡県 福岡市中央区 天神 2-6-35　サザンクロスビル","2"
"GiGO 福岡天神","PKKmklBbXlUn5D5Gt6NTEQ","福岡県 福岡市中央区 天神 2-7-6　DADAビル1～3F","2"
"ラウンドワンスタジアム博多・半道橋","DIqIpVqbZ4QiPv9gwtM-cQ","福岡県 福岡市博多区 半道橋 2-2-8","2"
"G-pala 博多","MtGSUAlL8BgnVWl-v9h_MQ","福岡県 福岡市博多区 東光寺町 2-6-40　コマーシャルモール博多2F","2"
"楽市楽座イオンモール福岡伊都","1zb_x5l2cNj8A7ax3A5b3A","福岡県 福岡市西区 北原 1-3-1　イオンモール福岡伊都別館2F","2"
"楽市楽座210久留米","1rqTgQL7pNwauLYgWxE-PQ","福岡県 久留米市 東合川 2-2-1","2"
"プラサカプコン直方","Ci2NHWmMmPvk_kz-vlz-fA","福岡県 直方市 湯野原 2-1-1　イオンモール直方2F","2"
"楽市楽座行橋","yZqI1jxflBlBkWqYFrrmCA","福岡県 行橋市 西泉 6-1-1　コスタ行橋アミューズ棟2F","2"
"GiGO 中間","EWQe3_xDxAPHAT3LyzXQSQ","福岡県 中間市 上蓮花寺 3-1-1　プラザモールなかま1・2F","2"
"楽市楽座くりえいと宗像","Hj41OO8j8Tgh3pjDJKNB1Q","福岡県 宗像市 くりえいと 1-4-4　くりえいと宗像サウスゾーン内","2"
"ゲーム最後の5ドル","W_Yv192a2gTMobNg45CoDQ","福岡県 糟屋郡粕屋町 仲原 2706　仲原Jボウル2F","2"
"G-stage七隈","4aPaKAbewVno388Ij2kb9A","福岡県 福岡市城南区 七隈 8-4-8","1"
"G-stage飯塚","WAg5B_diuOCWSRoLadbmOA","福岡県 飯塚市 枝国 680-2","1"
"namcoモラージュ佐賀","tz5cITl1MddUR0q7ZVMfaQ","佐賀県 佐賀市 巨勢町大字牛島 730　モラージュ佐賀1・2F","3"
"ラウンドワンスタジアム佐賀","IV3tq3iyMCv0kdpXFoeYVQ","佐賀県 佐賀市 兵庫北 4-2-1","2"
"namcoアミュプラザ長崎 新館","WvDKRW0fIYw9rPBYlso64g","長崎県 長崎市 尾上町 1-1　アミュプラザ長崎新館4F　9401","3"
"アソビクル長崎戸町","PoL3jODsEsw-iENW7U60hA","長崎県 長崎市 戸町 4-9-3","2"
"G-stage浜の町","RF3VVCffG8VSbXiHmkvhQw","長崎県 長崎市 浜町 2-26","2"
"アミパラ佐世保","bkNxTPEB8g1KPS7RBr_ijQ","長崎県 佐世保市 大塔町 18-15","2"
"GiGO 諫早","49TK4iUtseNO5gf0IMMWkg","長崎県 諫早市 小川町 90-1","2"
"G-pala 時津","ThGxvr3KAUuEjqJoZMV_yw","長崎県 西彼杵郡時津町 野田郷 59","2"
"namcoワンダーシティ南熊本","ohRXxXiykghj2EczpaYpJg","熊本県 熊本市中央区 九品寺 6-9-1","8"
"スポラ九品寺","JSMDrFSRtOCrHss-7as5Mw","熊本県 熊本市中央区 九品寺 5-10-15","2"
"サープラ下通りあそびタウン","TXaKeVcOjXKgMvraWd0mEw","熊本県 熊本市中央区 手取本町 4-12　ザ･ファインビル","2"
"ラウンドワンスタジアム熊本","gXSNfrIGu8XQrLslEMHBUg","熊本県 熊本市西区 春日 7-25-15","2"
"パスカワールドグリーンランド","pnTsaLpdqlzIKZbPCgvnpA","熊本県 荒尾市 本井手 1574-54","2"
"パスカワールド宇土","5NxTjNl-0qwReneR60grLQ","熊本県 宇土市 善道寺町綾織 95　宇土シティモール内","2"
"スポラ菊陽","BisffWzydlsxvKEP67XbCw","熊本県 菊池郡菊陽町 津久礼駄飼代 2617-2","2"
"プラサカプコン大分","bbWW1ghEymkclZAo_3FTgA","大分県 大分市 公園通り西 2-1　パークプレイス大分2F","4"
"FESTAフリーモールわさだ","ZIaYCmI63rW-fi6bJd4PLg","大分県 大分市 木上字鉾手 2102　フリーモールわさだ内","2"
"ラウンドワンスタジアム大分","ZM4V0Adcwtlj8Hn2VxZtVw","大分県 大分市 萩原 2-13-17","2"
"トライセン萩原","5OKjbT1PP9IdTzfNixBPxA","大分県 大分市 萩原 4-227-7　ACS3F","2"
"ユーズランド三光","1p2m4QM5wYrYjDDoArIj5w","大分県 中津市 三光佐知 1032　イオンモール三光2F","2"
"トライセン中津","1_D0lme-DE2HlI2YEUD-Tw","大分県 中津市 下池永 67-3","2"
"G-pala 日田","OxeyBhQ3ljYV526-3w-Tcw","大分県 日田市 友田字萩鶴 986-1","2"
"namco日向","b7mt1hx0IIKRjBEWvAIL6A","宮崎県 日向市 日知屋 14798-1　ハイパーモールメルクス日向1F","3"
"ラウンドワンスタジアム宮崎","SX1sE9c6T19sNQOtmObAMg","宮崎県 宮崎市 中村東 3-4-60","2"
"モーリーファンタジー宮崎","rP1Qwh7Tc3FMqV_MufkedQ","宮崎県 宮崎市 新別府町江口 862-1　イオンモール宮崎　イオン宮崎店2F","2"
"モーリーファンタジー延岡","pDiiykEnnQmp5T_cbpgCuQ","宮崎県 延岡市 旭町 2-2-1　イオン延岡SC　イオン延岡店2F","2"
"ラウンドワンスタジアム鹿児島宇宿","pG0MLhclex8UZLAbL46sXQ","鹿児島県 鹿児島市 宇宿 2-2-2","2"
"タイトーFステーションニシムタ出水","cNLILpsFb_nI3XFR7zy1gQ","鹿児島県 出水市 六月田町 347","2"
"モーリーファンタジー那覇","K7vX-4lsApGN-U9jnosI6A","沖縄県 那覇市 金城 5-10-2　イオン那覇SC　イオン那覇店3F","2"
"ラウンドワンスタジアム沖縄・宜野湾","eoz-T4ykGEkt79e0TI5n2w","沖縄県 宜野湾市 真志喜 3-28-8","2"
"楽市楽座イオンモール沖縄ライカム","XFSWBGYFX4VUUEanfiKPrA","沖縄県 中頭郡北中城村 ライカム 1　イオンモール沖縄ライカム4F","2"
"ラウンドワン沖縄・南風原","2Tj8nWkak3ej7LBKjRZXsw","沖縄県 島尻郡南風原町 兼城 552","2"