name,address,loc_id,latitude&longitude,pcb_count
"東急百貨店さっぽろアミューズパーク","北海道 札幌市中央区 北四条西 2-1　東急百貨店さっぽろ店9F","LhpJz81E2AwOJEYNWzD0yg","43.067552 141.352709",6
"ラウンドワン札幌すすきの","北海道 札幌市中央区 南五条西 3-6-1","DEcah2oynr8vD325wTaU9A","43.054536 141.354524",4
"タイトーステーション札幌狸小路2丁目","北海道 札幌市中央区 南三条 西2-14　ニコービル","tgNdKGtqlA5hY25gmz9oNQ","43.057336 141.355453",2
"GiGO 札幌駅西口","北海道 札幌市北区 北六条西 6　JR高架下","H57iUkDJXydOoqQFnN4QYQ","43.067531 141.34628",2
"ゲームランド新さっぽろ","北海道 札幌市厚別区 厚別中央二条 5-7　新さっぽろアークシティ　カテプリ新さっぽろ3F","vjFsQO-W_EKqzoDeiiCykg","43.037441 141.472478",2
"キャッツアイ新札幌","北海道 札幌市厚別区 厚別東五条 1　ホーマックスーパーデポ厚別東店横","JUZEMwMT_gsRUleEjU5IVQ","43.045268 141.475797",2
"ラウンドワンスタジアム札幌北21条","北海道 札幌市東区 北二十一条東 1-1-21","FRVHpQMTAClhOqqm7Xsoyg","43.086887 141.34985",2
"アドアーズ札幌北42条","北海道 札幌市東区 北四十二条東 7-1-1　ドン・キホーテ北42条店2F","WPMRbdk-NXkwkyFw5mLNsw","43.112034 141.355326",2
"ソユーゲームフィールド札幌苗穂","北海道 札幌市東区 東苗穂二条 3-1-1　イオンモール札幌苗穂2F","1iCoQV6-n2TD_HyVDOmkkA","43.079836 141.403812",2
"キャッツアイ清田","北海道 札幌市清田区 清田一条 1-20-1","hzWMFmJ3s3CoA1QAK-ThLA","43.002843 141.436304",2
"ソユーゲームフィールド札幌発寒","北海道 札幌市西区 発寒八条 12-1-1　イオンモール札幌発寒3F","JT1UcxNgiLhYs1rNSY5KJA","43.096422 141.276495",2
"ラウンドワンスタジアム函館","北海道 函館市 西桔梗町 848-11","TZAv1Nmcw3ocBewGVGXf0Q","41.82459 140.71745",2
"ソユーゲームフィールド旭川駅前","北海道 旭川市 宮下通 7-2-5　イオンモール旭川駅前4F","tCZEbuhu-jhGRhKMXYGniA","43.764006 142.357115",2
"アミューズメントスペース遊ランド春光","北海道 旭川市 春光一条 7-2-25　第2ダイワビル2F","Xaqa-MmVS9DlDnuG3vkdbw","43.798197 142.374036",2
"ラウンドワンスタジアム旭川","北海道 旭川市 永山三条 1-4-7","_xdOEjTFE2umwHG2jRUxhw","43.786538 142.397245",2
"ソユーゲームフィールド旭川西","北海道 旭川市 緑町 23-2161-3　イオンモール旭川西3F","0hkAd4HizdjwIY6zdrUbxA","43.794087 142.32593",2
"アミューズメントスペース遊ランド西御料","北海道 旭川市 西御料五条 2-1","ZAWsW9j8yFJi-GcK1w2TqA","43.723872 142.368868",2
"GiGO ドリームタウン白樺","北海道 帯広市 白樺十六条西 2　ドリームタウン白樺内","9ywxD-5JxPNbA3XlsZFoLA","42.919499 143.174171",2
"モーリーファンタジー苫小牧","北海道 苫小牧市 柳町 3-1-20　イオンモール苫小牧　イオン苫小牧店2F","hNCVw2GOJbZ2bni2ioqSZg","42.656319 141.642037",2
"アミューズメントスペース遊ランド稚内","北海道 稚内市 港 5-8-15","kI8lAziyvWuHSU42ftYEzg","45.400738 141.68089",2
"キャッツアイ恵庭","北海道 恵庭市 住吉町 2-9-1","FA3p5k7wZGjc5QDJ64GzGA","42.875885 141.583461",2
"モーリーファンタジー上磯","北海道 北斗市 七重浜 4-44-1　イオン上磯店1F","r_mXJiFfetObfc3OUUnt-w","41.82126 140.712447",2
"PALO釧路","北海道 釧路郡釧路町 桂木 1-1-7　イオン釧路店2F","65Q_NIz9GQiKQu9PQV7P_A","43.0091 144.404752",2
"ユーズランド下田","青森県 上北郡おいらせ町 中野平 40-1　イオンモール下田1F","mSS8_YA6PY90rt4wxxebBg","40.601457 141.417784",4
"ラウンドワン青森","青森県 青森市 浜田 3-1-1","L89y1qRIN153St-aNZj91w","40.799322 140.748564",2
"タイトーステーション青森アムゼ","青森県 青森市 緑 3-9-2　サンロード青森アムゼ内","7MKOMN45IrUMRgcHfxT3_Q","40.807812 140.753293",2
"ソユースペースファンタジーインフィニ","青森県 弘前市 城東北 3-10-1　さくら野百貨店弘前店4F","3nUxecHCAT-i7SPYI6gJ9g","40.607213 140.49568",2
"タイトーFステーション八戸","青森県 八戸市 三日町 27","a5NyLtmiGQRrZS4uLih95w","40.509307 141.490581",2
"GiGO 八戸","青森県 八戸市 城下 4-25-14","LsjVp1XmDlMMuCVWwwiJqg","40.519908 141.4983",2
"ゲームランドつがる柏","青森県 つがる市 柏稲盛幾世 41　イオンモールつがる柏本館2F","Y5vRfIhq_cnJiO5cMj95pg","40.802632 140.416655",2
"ソユーゲームフィールド盛岡南","岩手県 盛岡市 本宮 7-1-1　イオンモール盛岡南2F","-F8jxSRXQL9aFB-mRSXwLA","39.683567 141.128669",2
"タイトーFステーション盛岡南","岩手県 盛岡市 津志田町 2-1-77","qJChK7LLBnEYwhJNoOKizg","39.666612 141.157142",2
"ラウンドワンスタジアム盛岡","岩手県 盛岡市 盛岡駅西通 2-10-35","lhPjYxW30376WQgOUSimRQ","39.700378 141.133194",2
"ソユーファミリーゲームフィールド花巻","岩手県 花巻市 高木 第16地割68-6　銀河モール花巻1F","6ODpT1TwiAON5B7x5OMWOA","39.386541 141.136803",2
"ソユーゲームフィールド釜石","岩手県 釜石市 港町 2-51-41　イオンタウン釜石3F","-5JbKSsfwK-jpbgonWFYOw","39.271199 141.881805",2
"テクノワールド","岩手県 奥州市 江刺区愛宕字梁川 127-1","HjfPQCA9wNzHZnf73gzVTQ","39.179242 141.162168",1
"タイトーステーション仙台名掛丁","宮城県 仙台市青葉区 中央 1-7-13","_3y6xX8FjWi2uiCPrpc4UQ","38.262066 140.879083",4
"バンダイナムコ Cross Store 仙台","宮城県 名取市 杜せきのした 5-3-1　イオンモール名取3F","3dn0Ct6NxaCQZbw_IMKXWQ","38.163379 140.896344",3
"ゲームフィールド仙台長町","宮城県 仙台市太白区 長町 7-20-3　ザ・モール仙台長町3F","EkjeQb4Z4mcmE0b7pHT2pw","38.22599 140.876736",2
"モーリーファンタジーヨドバシ仙台","宮城県 仙台市宮城野区 榴岡 1ｰ3−1　ヨドバシ仙台第1ビル5F","A-rojugFcz50zzaVSbizQg","38.258969 140.883495",2
"ラウンドワン仙台苦竹","宮城県 仙台市宮城野区 苦竹 1-7-10","PRRyoyf1GVSclhb6DNed7A","38.268083 140.917245",2
"ラウンドワンスタジアム仙台泉","宮城県 仙台市泉区 大沢 2-12-4　仙台泉インターシティ1・2F","kBbi5fNOJWustml2IJt1lw","38.352027 140.879508",2
"GAME BANK 泉","宮城県 仙台市泉区 大沢 2-5-4","PxXWTR6SVhQUo1Cujad0lw","38.352736 140.877348",2
"ゲームコーナー東部","宮城県 仙台市若林区 六丁の目中町 26-60　斎喜東部ビル","37uxHObyaKaWrP4st9eivg","38.250969 140.943894",2
"タイトーステーション仙台クリスロード","宮城県 仙台市青葉区 中央 2-3-25","SlSXiCxBcPyvExFshZ3vPA","38.261001 140.875607",2
"GiGO 仙台","宮城県 仙台市青葉区 中央 2-5-5","08rsOjm3vjm8e677jwwdXg","38.261621 140.876736",2
"GiGO 石巻","宮城県 石巻市 大街道東 4-1-45","uDeX5CptmdigD5XBXEBUNw","38.429408 141.285368",2
"プラサカプコン石巻","宮城県 石巻市 茜平 4-104　イオンモール石巻2F","ezX2oakgeQdZJIM0bpC5Gg","38.447539 141.264872",2
"GiGO 名取","宮城県 名取市 飯野坂字土城堀 57-1","3kKfDLlZgvHCqVD5MftddQ","38.156558 140.888377",2
"ゲームランド佐沼","宮城県 登米市 南方町新島前 46-1　イオンタウン佐沼1F","Emmn3DtAPqwczdqRp-gnhw","38.682592 141.183925",2
"ソユーゲームフィールド古川","宮城県 大崎市 古川沢田 字筒場浦15　イオンタウン古川内","XUsqBCYKjhdYSh0uJX49LQ","38.599023 140.974156",2
"ユーズランド大河原","宮城県 柴田郡大河原町 小島 2-1　フォルテくらし館2F","tsiNU4QZ2WKuZci4VqlNYg","38.065614 140.737389",2
"GiGO 仙台利府","宮城県 宮城郡利府町 加瀬字新前谷地 55-1　利府ペアガーデン内","x8gZNPqPXE8NX_7tCukm_Q","38.328029 140.975611",2
"秋田OPAアミューズパーク","秋田県 秋田市 千秋久保田町 4-2　秋田OPA5F","8bvPwzsrBaW-rq2wiZy28g","39.717865 140.128145",3
"namcoイオンタウン大館西","秋田県 大館市 根下戸新町 18-121　イオンタウン大館西内","P8LLLeafeRhshAgg_izneQ","40.273745 140.530038",3
"ラウンドワンスタジアム秋田","秋田県 秋田市 卸町 1-1-2","2YMiIO9zXSd_L8cojSRt1Q","39.702044 140.109292",2
"ソユーゲームフィールド御所野","秋田県 秋田市 御所野地蔵田 1-1-1　イオンモール秋田2F","IezrtwPDeAgwmWcMA5wFGg","39.663619 140.160522",2
"プラサカプコン大曲","秋田県 大仙市 和合字坪立 177　イオンモール大曲2F","yPk_gRySBqHY42yREc9D7w","39.438944 140.508099",2
"GiGO 米沢","山形県 米沢市 花沢字タナコ原 177","IL1IMzpKIx4xHMC2DCOMvQ","37.910931 140.133671",2
"GiGO 天童","山形県 天童市 南町 1-5-26","eLRczaz4eFICkYJN_-X0MA","38.343025 140.373995",2
"ソユーゲームフィールド天童","山形県 天童市 芳賀タウン北 4-1-1　イオンモール天童　モール棟2F","pWSsbXzhsAzjD5RrffKVzg","38.344909 140.364039",2
"ソユーゲームフィールド三川","山形県 東田川郡三川町 猪子字和田庫 128-1　イオンモール三川1F","9Adq2RlOWFvLyn8Mj9OVmA","38.815887 139.835057",2
"namcoイオンタウン郡山","福島県 郡山市 松木町 2-88　イオンタウン郡山内","kssq9R-4FkV8sN1mDoESog","37.389365 140.390478",6
"GiGO 福島南","福島県 福島市 黒岩字中島 7-2","6i3ehAnuCJUABPy5MR3CYg","37.727675 140.466916",4
"GiGO 福島","福島県 福島市 本内中井 1-2","tkQH_JmxyWRaeE2kSiKTng","37.785235 140.487515",2
"ラウンドワンスタジアム郡山","福島県 郡山市 向河原町 4-55","c4Y1MwtcbRSVg2d7YBcv0w","37.402322 140.395636",2
"タイトーFステーション郡山オリエントパーク","福島県 郡山市 郡山市安積町荒井字大久保 35-1","Y5fsE_KVXSsqmS737uyxJQ","37.374476 140.348755",2
"タイトーFステーション郡山アティ","福島県 郡山市 駅前 1-16-7　郡山アティ7F","AXfoSmK_0m9hl_3P20KbzA","37.397011 140.387506",2
"ソユーゲームフィールド小名浜","福島県 いわき市 小名浜字辰巳町 79　イオンモールいわき小名浜3F","UjlPMy6p6ro7OTXCHc4EUQ","36.946819 140.903794",2
"モーリーファンタジーいわき","福島県 いわき市 平字三倉 68-1　イオンいわき店3F","XIHnYZhU7DCO9w-xlEzhtA","37.051081 140.898186",2
"ソユーエンターテイメントスタジオ須賀川","福島県 須賀川市 古河 105　イオンタウン須賀川B棟内","fziAI9CM4cCpovH-4bsHvw","37.297382 140.385159",2
"ゲームスペースA-3","福島県 西白河郡西郷村 豊作西 15-16-17","tLJt-tavBjx8KLsvVDItjw","37.124556 140.182612",2
"ゲームパニックつくば","茨城県 土浦市 中村東 1-1-1　サンタスワールド内","XFQ_G4-d_K3a0Db8O1iZjg","36.046383 140.168223",6
"ゲームメガ日立","茨城県 日立市 東多賀町 5-10-10","K1ayfp5EoDzSrYuog3IIAQ","36.548199 140.630536",4
"GAME PADDOCK +1 古河本店","茨城県 古河市 小堤 1916-1","62bBOi7u402l3nF-bOVfCA","36.206738 139.75787",4
"ユーズランド水戸内原","茨城県 水戸市 内原 2-1　イオンモール水戸内原2F","_g5tCiEcek4HvS-ihNY16Q","36.374174 140.358185",3
"スタジオプリモマイム水戸","茨城県 水戸市 宮町 1-2-4　マイムビル1F","bbToLo77NgEAmfChwME2oA","36.371478 140.477426",2
"ゲームメガ水戸けやき台","茨城県 水戸市 酒門町 3276-1","9XdXvZUDOxayyrQE9XdDsQ","36.338176 140.483361",2
"ピンクパンサー土浦","茨城県 土浦市 木田余 4585-3","JaUX-5pTmloYJdl7Yd6cAA","36.106546 140.215198",2
"FESTA古河","茨城県 古河市 松並 2-18-10　マーケットシティ古河内","mBw6fC91BMnfGnn4PLdjZw","36.209723 139.709637",2
"GiGO 石岡","茨城県 石岡市 東大橋中峯 1976-1","fRUrzSGG9AfDGZHO4mjIOQ","36.198491 140.303403",2
"GiGO 龍ヶ崎","茨城県 龍ケ崎市 藤ケ丘 4-2-8","Lkc1Il7ZEcHYackoIXwwoQ","35.938539 140.195942",2
"モーリーファンタジー下妻","茨城県 下妻市 堀篭 972-1　イオンモール下妻　イオン下妻店2F","gbgmUxABk_K2bFINRoq1xQ","36.190046 139.989722",2
"ゲームメガつくば","茨城県 つくば市 小野崎 177-2","WcB6IFKDfNQ9yjrw-yDmmg","36.076851 140.104738",2
"アミューズビバ","茨城県 ひたちなか市 東大島 2-11-11","Cz3v_rXOoVSa-g4KlBeUqw","36.406406 140.531973",2
"ソユートイズニューヨーク守谷","茨城県 守谷市 百合ケ丘 3-249-1　イオンタウン守谷2F","77Io6utltUhLvaV4W8RRPA","35.944794 139.990601",2
"namco宇都宮","栃木県 宇都宮市 簗瀬町 1606-1　フェドラP＆D UTSUNOMIYA","_g-SvYkTDpr5BDyxNSVuLg","36.543863 139.891566",6
"namcoフェドラP＆D佐野","栃木県 佐野市 高萩町 1340　フェドラP＆D SANO","ss8fdK3dVVcVRcqXiY5gug","36.297316 139.605647",6
"INTER PARK +1 宇都宮","栃木県 宇都宮市 インターパーク 6-5-1","UTPef_LlHWCAFOVSx28fIg","36.488066 139.905599",4
"スタジオプリモ宇都宮","栃木県 宇都宮市 曲師町 2-8　宇都宮フェスタB1F","1WIrJYGKHgCrgm06F3R9iQ","36.560392 139.884618",2
"GiGO 宇都宮","栃木県 宇都宮市 東宿郷 5-1-7","2t-StJ4o_M2WOXC6ZdHAaw","36.558171 139.908818",2
"ラウンドワンスタジアム宇都宮","栃木県 宇都宮市 江曽島町 2072-1","MEoJUMhO2nzheEonB5tG9g","36.540686 139.886893",2
"シーサイドリゾートアミューズメントパーク","栃木県 宇都宮市 睦町 7-3","gfET2IVPg9C2UVG3MZopRg","36.563139 139.860275",2
"ドラマ足利","栃木県 足利市 朝倉町 244-1","fn9ryXEPvQ9F4MBQXpOpbg","36.322317 139.4503",2
"モーリーファンタジー小山","栃木県 小山市 中久喜 1467-1　イオンモール小山　イオン小山店2F","rtKE4BG4zHMdtu2pSn-2hw","36.32214 139.840901",2
"タイトーFステーション小山","栃木県 小山市 喜沢 1475　おやまゆうえんハーヴェストウォークSC棟","TWYl5BaiDMrpcdAX5fCnqw","36.332427 139.808377",2
"アピナ小山","栃木県 小山市 駅南町 4-27-18","FWitkfTpwGL8B5ugE2Gfkg","36.300073 139.809051",2
"大田原スポーツランド","栃木県 那須塩原市 一区町 104-60","yCMkVwXEq6Ps9uiP3MnJlA","36.851887 139.993297",2
"マトリクス前橋","群馬県 前橋市 小相木町 558-1","UoLg0OK5RhPqVhFYJdC2tg","36.37274 139.059073",4
"タイトーFステーション前橋リリカ","群馬県 前橋市 国領町 2-14-1　前橋リリカ2F","uSwWhcZt0DVWYF088YOqUg","36.404624 139.068074",2
"ラウンドワンスタジアム前橋","群馬県 前橋市 天川大島町 1101-1","sKgkm07ZPwkoEF0po-_Sgg","36.368732 139.105228",2
"タイトーFステーション高崎オーパ","群馬県 高崎市 八島町 46-1　高崎オーパ7F","NZA9FPLxh-yEP9rLsnd5yg","36.323081 139.011073",2
"ユーズランド高崎","群馬県 高崎市 棟高町 1400　イオンモール高崎2F","NhSyeJhLsnR1dZ5-Tuk7kA","36.390421 139.006695",2
"群馬レジャーランド高崎駅東口","群馬県 高崎市 江木町 333-1　高崎EXビルB1・2F","ia42VZ7HlUikAtkExT3ysg","36.329881 139.012917",2
"インターワールド伊勢崎","群馬県 伊勢崎市 宮子町 3425-4","003QXzgM3C5ak69pcb4vzg","36.331521 139.162503",2
"群馬レジャーランド伊勢崎","群馬県 伊勢崎市 連取町 3066-1","CKGHWsk5yZdwkIBFD-bnzw","36.318298 139.172337",2
"ユーズランド太田","群馬県 太田市 石原町 81　イオンモール太田2F","zPaaLkEoA0kLoJ0yC8oNAg","36.294046 139.400443",2
"群馬レジャーランド太田","群馬県 太田市 西矢島町 162-2","KUvPBUY7vbZHDNq5haQlTQ","36.268056 139.375949",2
"GiGO 館林","群馬県 館林市 小桑原町 949-1","-5kocSRl5OXnzTnK-3pUxw","36.235221 139.520329",2
"群馬レジャーランド渋川","群馬県 渋川市 八木原 1364","sJrFI2wwg9TzeRk5UF9j8A","36.474272 139.015353",2
"群馬レジャーランド藤岡","群馬県 藤岡市 中 2002-1","0vb1o0ASWfpswitcQmhDZg","36.274353 139.072087",2
"namcoイオンレイクタウンmori北","埼玉県 越谷市 レイクタウン 3-1-1　イオンレイクタウンmori3F","rqOZp4264oqE1sdCwvPIyw","35.883752 139.828327",10
"タイトーステーション大宮","埼玉県 さいたま市大宮区 大門町 1-1","2Pq2E34sh4n2TEEzPzLKGg","35.907447 139.625597",6
"namco熊谷","埼玉県 熊谷市 銀座 2-97　カルパビル1F","9fmJxA7NeGBEPVqVHdrtww","36.139183 139.394467",6
"プラサカプコン羽生","埼玉県 羽生市 川崎 2-281-3　イオンモール羽生2F","omG6RFGdBp3jiLfJbtHcWw","36.142861 139.542746",4
"ゲームファクトリーマグマ草加","埼玉県 草加市 氷川町 2125-1","lYaYfFQKBCW3tncZw5P55w","35.828238 139.802514",4
"ゲームパニック三郷","埼玉県 三郷市 ピアラシティ 1-1-200","l8DqX-urhuhDlN7aDsCkqQ","35.842186 139.854868",4
"埼玉レジャーランド大宮ラクーン","埼玉県 さいたま市大宮区 宮町 1-60　大宮ラクーン5F","2-ZDYt_Fcuu-UVW1DwQgPQ","35.907751 139.62568",2
"埼玉レジャーランド大宮駅東口","埼玉県 さいたま市大宮区 宮町 1-8　大宮セントラルビルB1F～2F","rl0by6iVuWpQnupqUHV8WA","35.907991 139.624549",2
"ラウンドワン大宮","埼玉県 さいたま市大宮区 宮町 4-90-7","6nJT8mxp3yYvZkJ8AKgqRA","35.910828 139.62544",2
"ウェアハウス岩槻","埼玉県 さいたま市岩槻区 加倉 3-3-63","h4fcJ9ZI0k5FJ7qqywjs8Q","35.941124 139.686077",2
"ウェアハウス三橋","埼玉県 さいたま市西区 三橋 6-955-1","lO2mhxIBCbIyCIbekHLzrg","35.915359 139.596062",2
"GiGO 籠原","埼玉県 熊谷市 美土里町 1-169","6bXlRU4i3BbjcGXVlFQu8A","36.17095 139.318256",2
"ソユーゲームフィールド熊谷","埼玉県 熊谷市 銀座 2-245　SCニットーモール4F","MmT7JdEaQC8QpacWeuDASg","36.138788 139.39377",2
"ソユーゲームフィールド川口","埼玉県 川口市 並木元町 1-79　アリオ川口3F","NS6V4uuplRJHk-OL5fQvQA","35.807118 139.714135",2
"ゲームシティ川口","埼玉県 川口市 栄町 1-10-5","Zx4QEqYhLyTlWyCEwRMEJQ","35.802552 139.725612",2
"シルクハット川口","埼玉県 川口市 栄町 3-1-16　イート川口ビル4F","gYkGeizJ5wmDWrn8vD16zw","35.80297 139.717534",2
"ラウンドワンスタジアム所沢","埼玉県 所沢市 東町 5-22　TOCOTOCOSQUARE所沢6F･7F","r9oP2-dsdeciHGA2l8T1BA","35.788861 139.469562",2
"ユーズランド春日部","埼玉県 春日部市 下柳 420-1　イオンモール春日部2F","KxV1pVJwrky-wWKC65cJJQ","35.988573 139.789812",2
"埼玉レジャーランド春日部","埼玉県 春日部市 増富字谷際 163-1","KWZJt1J_uhnIP23BIcWVtw","35.959502 139.728928",2
"ラウンドワンさいたま・鴻巣","埼玉県 鴻巣市 箕田 3163-7","mBez2nhlfF0prqEezMaDmQ","36.080639 139.490226",2
"ビデオゲームミュージアムロボット深谷","埼玉県 深谷市 上柴町西 4-12-1","AVzHYwB0ypjPaJSNDf26sQ","36.179653 139.298776",2
"GiGO 花園","埼玉県 深谷市 荒川 359","9UC0JHd1adyb0ksGKteicw","36.120427 139.233069",2
"ウェアハウス草加店別館","埼玉県 草加市 稲荷 2-36-33","fXtoYr6GMUZO61wFQ9srOA","35.830316 139.820954",2
"ラウンドワン草加","埼玉県 草加市 谷塚上町 204-1","eaM_1TQ-WujnnxS8mKogeg","35.812835 139.788129",2
"ユーズランド越谷","埼玉県 越谷市 レイクタウン 4-2-2　イオンレイクタウンkaze3F","1HN8mkYYVSNYRJR2CRNygQ","35.878115 139.824865",2
"アミューズメントFUNFUN越谷","埼玉県 越谷市 南荻島 2770-1","LN85k4_yQkjy9CpsexPPSA","35.912855 139.771197",2
"アドアーズ蕨","埼玉県 蕨市 塚越 1-4-4　ラ・セーヌビル2F","fqpMPhqIr_9Z_qM9ULYB6A","35.827709 139.691521",2
"GiGO 入間","埼玉県 入間市 東藤沢 2-18","jZmeNAl7JJJ_qXpf0NWoOg","35.819203 139.418116",2
"ラウンドワンスタジアム朝霞","埼玉県 朝霞市 膝折町 2-16-10","zWM3ecBM1iWdSymIm-SnqA","35.790282 139.579647",2
"タイトーステーション和光","埼玉県 和光市 丸山台 1-4-5","ZvfT1yuCQUSkEVAfjIfYBw","35.78663 139.613792",2
"ソユーゲームフィールド菖蒲","埼玉県 久喜市 菖蒲町菖蒲 6005-1　モラージュ菖蒲3F","3zXnSzXb4SrjZDZ6KuVGGg","36.075663 139.60987",2
"ラウンドワンスタジアムららぽーと新三郷","埼玉県 三郷市 新三郷ららシティ 3-1-1　ららぽーと新三郷2F　20000番","ExAuMnvLJyUJGTAbYKNk1w","35.858898 139.866786",2
"インターワールド幸手","埼玉県 幸手市 上高野 2142-1","59PloKBDYcTHgjlk0UieuA","36.057002 139.714354",2
"namco松戸","千葉県 松戸市 松戸 1230-1　ピアザ松戸1F","0cSpvzzy2Qk8q9gs-FY0Bw","35.78365 139.900868",10
"GiGO 千葉","千葉県 千葉市中央区 富士見 2-4-1","TVjWplj3qPM7t21sQBKqjw","35.611564 140.115851",6
"ゲームプラザセントラル浦安","千葉県 浦安市 北栄 1-16-15　第四セントラルビル","BXwiJ_DXFJiKGWZjASoBwg","35.665168 139.893369",6
"ラッキー中央店フェリシダ","千葉県 千葉市中央区 富士見 2-8-1","25NMlVHEFQ5JYjqA8w1OlA","35.610265 140.118299",4
"タイトーFステーション市川妙典","千葉県 市川市 妙典 4-1-1　イオン市川妙典2番街2F","xDQGuPMEIwg-rxyCwE0ZrA","35.692538 139.926679",4
"アミューズメントエース津田沼","千葉県 船橋市 前原西 2-15-1　ファミービル1～3F","c_yGZhhKhl197dV9rsVw2A","35.692278 140.020182",4
"シルクハット津田沼","千葉県 習志野市 津田沼 1-2-1　十三ビルB1F","KZF9-djPLFXmNUF7ZhD1sw","35.690372 140.022233",4
"アドアーズ船橋","千葉県 船橋市 本町 1-31-26　セブン船橋B1～4F","BI_m_MDOkQMnkT4V5bATAA","35.700394 139.984187",3
"スポーツウェーブ鉄腕24浜野","千葉県 千葉市中央区 浜野町 1025-59","TavzBBTqdyPVxDdeZ4Qdgw","35.553981 140.126345",2
"スポーツウェーブ鉄腕24稲毛長沼","千葉県 千葉市稲毛区 長沼原町 697","0uMIkIh47H_iy2YlLcAnmQ","35.662008 140.126651",2
"アミューズメントパフェパレパレ稲毛長沼","千葉県 千葉市稲毛区 長沼原町 737-25　フレスポ稲毛A棟-4","TE1CB9rT2Zq4SnI2jLxy0A","35.657659 140.127918",2
"GiGO 幕張","千葉県 千葉市美浜区 ひび野 1-8　メッセ・アミューズ・モール1F","RPEBMrDKCVE0Q1yYFDizSg","35.64979 140.042392",2
"スタジオプリモ本八幡","千葉県 市川市 八幡 2-15-10　パティオ5F","ZP6FxGu19bpEVqU1amQPSg","35.721324 139.927502",2
"DAIKEIEN","千葉県 市川市 大町 359","3wQf1KcN70aRQ1chhYdwcw","35.762459 139.969109",2
"PALO市川","千葉県 市川市 鬼高 1-1-1　ニッケコルトンプラザ　ウエストモール2F","PFvNlsDIuvFJeLT9Ck67HA","35.716787 139.934213",2
"ラウンドワン市川鬼高","千葉県 市川市 鬼高 4-1-3","YWqB8Zi9rkIzdhssQA2i0g","35.711221 139.927479",2
"タイトーステーション船橋","千葉県 船橋市 本町 1-6-1","RGI09Zl2-x7hyCYh5fEJRQ","35.699891 139.985971",2
"テクモピア船橋南口","千葉県 船橋市 本町 1-7-6　ドリーム船橋ビル3F","u9-8SQQDNZIfUDcGpJjO0A","35.699019 139.985808",2
"アソビクル船橋海神","千葉県 船橋市 海神 3-124-3　コーナン京葉船橋インター店内","GetOn7Mjx41lSsVBS4gYtA","35.699327 139.975727",2
"ソユーゲームフィールド木更津","千葉県 木更津市 築地 1-4　イオンモール木更津2F","-EV3J_aqGQOJH2ruUo49rg","35.366073 139.908342",2
"GiGO 八柱","千葉県 松戸市 日暮 1-1-1　八柱駅第2ビル2F","NwWn3KYY6c4T42TTco1IAg","35.791226 139.937609",2
"千葉レジャーランド野田","千葉県 野田市 吉春 776-1","1WM0ORQybNaJjDQM1vRBqg","35.97146 139.865334",2
"アミュージアム茂原","千葉県 茂原市 高師 1619-1","KNeXGSJNVHfbRR81PcpoEw","35.436923 140.284756",2
"プラサカプコン成田","千葉県 成田市 ウイング土屋 24　イオンモール成田2F","g15jfUnDypHF1AhZhS5XWw","35.795833 140.317616",2
"ラッキー佐倉","千葉県 佐倉市 井野 1475","yQCVD2gTLEUH8mwqFOVwLQ","35.718451 140.136226",2
"柏ヤングボウル","千葉県 柏市 南柏中央 11-1","0SIH5e4tyHzhutaIABL5Dw","35.84596 139.957033",2
"ラウンドワンスタジアムアリオ柏","千葉県 柏市 大島田 1-6-1　セブンパークアリオ柏　1070","-Oiab6x3TMu27XiHb1xSUQ","35.832332 140.011942",2
"GiGO 柏","千葉県 柏市 柏 1-1-11　ファミリかしわB1F","biV5H1Babq1Lc-MTLKHe-Q","35.861488 139.970901",2
"ゲームガリバー柏","千葉県 柏市 柏 1-1-11　ファミリかしわB1F","r8-OtXqZTh_79G7MGYKUvw","35.861686 139.971118",2
"タイトーステーション柏","千葉県 柏市 柏 2-3-1　フーサワビル","0lud_r0jOVEf-nzW2lClxw","35.861344 139.972762",2
"ゲームランドちはら台","千葉県 市原市 ちはら台西 3-4　ショッピングモールunimoちはら台2F","Bk_aFhAJjdGYD-whdYRrqQ","35.528085 140.171725",2
"ゲームチャリオット五井","千葉県 市原市 五井中央西 2-1-2","vnlsDMyNjkpaomDjiFhdFQ","35.513611 140.089812",2
"ラウンドワン市原","千葉県 市原市 八幡北町 3-5-1","WG-IpOGWramgo6gcF2IDIQ","35.547482 140.123382",2
"キャッツアイ八千代","千葉県 八千代市 緑が丘西 2-13-3　ism緑が丘内","E5VWCP3-Eq5Hug2yhJAJeg","35.733136 140.073098",2
"ゲームランド千葉ニュータウン","千葉県 印西市 中央北 3-2　イオンモール千葉ニュータウン　モール棟3F","FrM3OwFiPqlVEhEmJXSauA","35.802952 140.113687",2
"フリスポ佐原","千葉県 香取市 佐原イ 4200　佐原ミナミボウルゲームコーナー","uL41kWjtAY4HQb0NTrRjzQ","35.901146 140.493511",2
"千葉レジャーランド成東","千葉県 山武市 姫島 111-1","CCZZIs9jbUSX3K8jq5c0sA","35.588434 140.390275",2
"GiGO 秋葉原5号館","東京都 千代田区 外神田 1-10-1","V_KuXPj2gBQ4ckG2xe0lVw","35.698749 139.770693",8
"namco秋葉原","東京都 千代田区 外神田 1-15-9","s-OlMZTtnjjcIfIGK4NaUA","35.698009 139.772416",8
"namco中野","東京都 中野区 中野 5-52-15　中野ブロードウェイ別館","BlQ9dEVrA_Oj20-Ywyri5Q","35.709104 139.666118",8
"namco池袋","東京都 豊島区 東池袋 1-22-10　ヒューマックスパビリオン池袋サンシャイン60通り1F","jFeULgmmhH-7muXm7pMcnw","35.72968 139.715769",8
"ゲームパニック秋葉原","東京都 千代田区 外神田 1-13-1　Akihabara ex","rjRsDH0axSLSSQ9B4xO5wA","35.698852 139.7716",6
"東京レジャーランド秋葉原","東京都 千代田区 外神田 1-9-5","YlXs7PTJ5d1KKhc6E0qvcA","35.698854 139.770105",6
"GiGO 大森","東京都 大田区 山王 2-1-5　大森駅ララビル2F","qjSW1JBzYceqBvnOnUsiig","35.589944 139.728434",6
"GiGO 総本店","東京都 豊島区 東池袋 1-13-6","TzT3X8yKwuVVbfYS6FNJ1g","35.729531 139.71471",6
"ゲームプラザセントラル八王子","東京都 八王子市 東町 12-15　第五セントラルビル","Z_52hsJrffyzWMqIs5C-Og","35.658037 139.338151",6
"Hey","東京都 千代田区 外神田 1-10-5　廣瀬本社ビル","_QJ_v7QJD6_3GmPsuxTnrw","35.699033 139.770942",4
"東京レジャーランド秋葉原2号","東京都 千代田区 外神田 4-3-3　ミナミビル6・7F","Fkt_NpDF1gcaMOz7dpSMqA","35.700784 139.771886",4
"タイトーステーション新宿南口ゲームワールド","東京都 新宿区 新宿 3-35-8","kjwJcVqJoOp6fCNeraaMCg","35.689921 139.702309",4
"ゲームパニック新宿歌舞伎町","東京都 新宿区 歌舞伎町 1-20-1　ヒューマックスパビリオン新宿歌舞伎町1F・2F","kogiSusW_Xa8raSLz4QVYA","35.695809 139.701513",4
"GiGO新宿西口","東京都 新宿区 西新宿 1-12-5　西口三平ビル","QBMUwlBi9EUfqaBNd-XFZQ","35.689487 139.697409",4
"GiGO 渋谷宮益坂","東京都 渋谷区 渋谷 1-14-14　EST渋谷東口会館1F","2xEHM65OS8rDRV9Enc_Whw","35.660016 139.70259",4
"ラウンドワン池袋","東京都 豊島区 東池袋 1-14-1　池袋スクエア内","XVFBqLGoGGtHLD-_2pm7tQ","35.730001 139.714862",4
"GiGO 赤羽駅前","東京都 北区 赤羽 1-2-4","ENHwoDol8N96gUob6ofMcw","35.778251 139.721592",4
"プラサカプコン吉祥寺","東京都 武蔵野市 吉祥寺本町 1-10-1　いなりやビルB1F","m5Fn3xvt1CTW_CexoKpzqA","35.705349 139.579089",4
"GiGO 町田","東京都 町田市 原町田 6-13-17　アーバンミサワビルB1・1F","p_8gYsYmf71ucHkZWTjV6w","35.543868 139.446982",4
"タイトーステーション町田","東京都 町田市 原町田 6-21-23　松山ビル","WTq6n5ZpC40Z8CPuEWRrXA","35.542694 139.448454",4
"Amusement＆Game MAGHREB","東京都 多摩市 落合 1-39-2　マグレブビル1F","3f2m-WCjPzKI_MasZEjnNw","35.624544 139.425617",4
"アドアーズ上野アメ横","東京都 台東区 上野 4-9-14　上野K.K.ビルB1～4F","_Yws2EzN95JD_MlHXBz4qA","35.709553 139.774222",3
"シルクハット蒲田西口","東京都 大田区 西蒲田 7-2-3　第二醍醐ビルB1～2F","ZFlsXGcII04t-cmIufQU_g","35.563073 139.715965",3
"アドアーズ中野","東京都 中野区 中野 5-52-15　中野ブロードウェイ1F　185","-NoWkNoJwRiNep1LBnGxtA","35.709207 139.665622",3
"namco王子サンスクエア","東京都 北区 王子 1-4-1　サンスクエアビル2F","7QH3F8Il6P_PZfkdDdFTrg","35.752995 139.738881",3
"シルクハット八王子","東京都 八王子市 旭町 2-5　八王子ツインタワービルA館","uCuTGy2TKkyo_DKTEyQwGg","35.656307 139.338427",3
"新宿スポーツランド本館","東京都 新宿区 新宿 3-22-12","YElI7xKKPkVecrB1Yf0BtA","35.693126 139.701829",2
"GiGO 神楽坂","東京都 新宿区 神楽坂 2-11　第2カグラヒルズ1F","eODcmAvB7oiXpnqG3r8_yg","35.701037 139.742011",2
"アドアーズ浅草","東京都 台東区 浅草 1-42-4　パシフィックコート浅草B1・1F","vej3pd48eMKhUc4RyQa-Gw","35.713231 139.793467",2
"タイトーステーション錦糸町楽天地","東京都 墨田区 江東橋 4-27-14　楽天地ビルB1F","oERfbDdmSSmABdi_f-U2Vg","35.696498 139.815807",2
"アドアーズ亀戸","東京都 江東区 亀戸 5-2-6　サンエービル1～5F","cwCi9f1M_FyyJTXuymC4iw","35.698954 139.825841",2
"ラウンドワン南砂","東京都 江東区 南砂 6-7-15　南砂町SCトピレックプラザ4F","wtvj3IWp4Y3zTXdJHHQYog","35.671914 139.835959",2
"ラウンドワンスタジアムダイバーシティ東京プラザ","東京都 江東区 青海 1-1-10　ダイバーシティ東京プラザ6F　61000番","DR-gIODZjvd0wOxtt8Sklg","35.62514 139.775394",2
"ソユーザウルスワールド大森","東京都 大田区 大森北 2-13-1　イトーヨーカドー大森店3F","Tdz5gso00z1Kmy4Vu0UaSw","35.586479 139.733046",2
"GiGO 池上","東京都 大田区 池上 6-2-3　松山ビル2F","UrybCfG7VA7e2Q_ySXZ3kg","35.572664 139.702127",2
"アミューズメントスペースASO:VIBA！","東京都 渋谷区 恵比寿 1-10-5　三恵エビスビル2・3F","FFmEzNE2SNEmuVWU8Yywpg","35.646809 139.710968",2
"アピナ荻窪","東京都 杉並区 上荻 1-13-10　ハクサンビル","AKbzQtbQxbTAACYifp4ABQ","35.705014 139.618174",2
"ゲームスタジオキューブ高円寺","東京都 杉並区 高円寺南 4-26-12　福丸ビルB1F","mirODnjHkJm2DgjAYFT80g","35.70493 139.649513",2
"ゲームW","東京都 豊島区 南長崎 5-27-6","SJTfTmHPxS6xeskbr9uzQA","35.7292 139.682885",2
"東京レジャーランド池袋","東京都 豊島区 東池袋 1-29-1　サントロペ池袋2・3F","S3_B7xA2Tj-RCDAqAoEhDA","35.730489 139.716445",2
"タイトーステーション池袋西口","東京都 豊島区 西池袋 1-15-9","bOP7azTcoAY7m5DWVD9WwA","35.73055 139.709742",2
"GiGO 赤羽","東京都 北区 赤羽 1-7-9　赤羽第一葉山ビルB1F","xghdJL0PpJS_PJ719smIVg","35.779017 139.722347",2
"GiGO 成増","東京都 板橋区 成増 2-17-24　五曠第6ビル","oNbBERUpz-gXjHPUUaLyhg","35.777458 139.631261",2
"ラウンドワンスタジアム板橋","東京都 板橋区 相生町 16-13","6uH9mqwjq-ezWQbDb6cFsg","35.776626 139.678642",2
"ゲームパーク石神井公園","東京都 練馬区 石神井町 3-17-16","znVi0xnIOyxDSaOI1AhYQA","35.742783 139.604521",2
"ミラクルイン中村橋","東京都 練馬区 貫井 1-1-2　YKビル2F","zbk5tSAhBMM3jbB3cBoX0Q","35.737137 139.638356",2
"ウェアハウス入谷","東京都 足立区 入谷 7-8-11","8NcfMa5gz3-W39SpLji9Cw","35.80123 139.760975",2
"GiGO 竹の塚","東京都 足立区 竹の塚 6-8-6","hG35cxR2XNJmIno4y-RfkA","35.794751 139.792497",2
"東京レジャーランド亀有","東京都 葛飾区 亀有 3-21-2","7WeZp98sG5l5t298FDHPPA","35.765417 139.848012",2
"アドアーズ新小岩","東京都 葛飾区 新小岩 1-44-4　リバティビルB1～3F","6LLAHzMEASAvjK_ozDYSXg","35.716169 139.85813",2
"GiGO 船堀","東京都 江戸川区 船堀 1-6-11","F0m56VLrB_9JV-XVDwEOWw","35.684804 139.863907",2
"GiGO 西葛西","東京都 江戸川区 西葛西 5-1-14　第一保志ビル","22ncYCzeXPyf8D8UDEmr9w","35.665297 139.859269",2
"ドラマ八王子高倉","東京都 八王子市 高倉町 55-4","KIdCTp9vgKMB1pOWen-b8Q","35.665072 139.366486",2
"タイトーステーション立川北口","東京都 立川市 曙町 2-4-5","Yih1CoKG2xSObe7uo60VVw","35.69911 139.412096",2
"GiGO 立川","東京都 立川市 柴崎町 3-2-1　サザンビル1F","l1PJ2RhdSrzlUBvi1hI1ow","35.69751 139.41462",2
"ラウンドワン吉祥寺","東京都 武蔵野市 吉祥寺本町 1-11-22","Yuo1s49iDiztJYkC7i3vrA","35.706302 139.58078",2
"東京レジャーランド吉祥寺","東京都 武蔵野市 吉祥寺本町 1-3-7　YSビルB1～4F","nAU8y234GWkWLkAsxdpmlQ","35.703598 139.578705",2
"ラウンドワン府中本町駅前","東京都 府中市 本町 1-13-3　カネタビル","Tk0mfSgQLoQ1yJXInOLHlg","35.66724 139.477378",2
"アドアーズ仙川","東京都 調布市 仙川町 2-21-12　VICビル7　1～3F","r-qoNkjNS-0akdAPimoKXA","35.662492 139.584094",2
"GiGO 調布","東京都 調布市 布田 4-2-4","0A7nzWOnXbkzhigGVlB_bw","35.650985 139.544231",2
"ラウンドワン町田","東京都 町田市 森野 1-13-14","lRJjNr5TpAmhIptlbQXoKw","35.543953 139.443243",2
"タイトーステーション国分寺","東京都 国分寺市 本町 3-5-11","vfwnTBMykKE4MtOGLeikWg","35.701926 139.480042",2
"ユーズランド日の出","東京都 西多摩郡日の出町 平井字三吉野桜木 237-3　イオンモール日の出3F","epO3RpifzpZpLxfF1iasgQ","35.734965 139.275355",2
"タイトーステーション秋葉原","東京都 千代田区 外神田 4-2-2　貴三ビル","_eibz69Hb8bFn6hEZQmGMQ","35.700222 139.771718",1
"シルクハット川崎ダイス","神奈川県 川崎市川崎区 駅前本町 8　ダイスビルB2F","WbwlFMTjE71sKGogTo1c5w","35.531536 139.700121",8
"タイトーステーション横浜西口五番街","神奈川県 横浜市西区 南幸 1-12-9","yxzxsSQbWwWnWaXvuAOtwA","35.46473 139.619521",4
"ラウンドワン横浜駅西口","神奈川県 横浜市西区 南幸 2-8-16","iLHpYbDKF0BZL-z8dGegTw","35.463868 139.618045",4
"GiGO センター南","神奈川県 横浜市都筑区 茅ケ崎中央 3-25　aune港北1F","W-xCYkmE4lyJN6SsSKg6hA","35.544602 139.574639",4
"シルクハット川崎モアーズ","神奈川県 川崎市川崎区 駅前本町 7　川崎モアーズ1・2F","WMFhuhyYqB97ZnO74L8ySA","35.530567 139.699745",4
"タイトーステーション溝の口","神奈川県 川崎市高津区 溝口 1-11-8　OKKA634ビル1F","eY7_H2gIdEfHI6x8OJ8H8w","35.600144 139.612488",4
"ラウンドワンさいか屋横須賀","神奈川県 横須賀市 大滝町 1-13　さいか屋横須賀店内","eRqySWPI8CQgA2J-dgLaRw","35.282174 139.669628",4
"プラサカプコン横須賀","神奈川県 横須賀市 若松町 2-30　横須賀モアーズシティ4F","4B4XPEruyp_8pkZ0uX-9Ug","35.278321 139.67008",4
"シルクハット大船","神奈川県 鎌倉市 大船 1-24　大船駅前ビル1～3F","otcrs1raTlcj0Y7VIIIXxQ","35.353199 139.532566",4
"神奈川レジャーランド厚木","神奈川県 厚木市 戸室 5-31-1　アツギ・トレリス2F","o_SaLBY9p4_2lfp9Y3ro5g","35.448199 139.343033",4
"シルクハット伊勢佐木町","神奈川県 横浜市中区 伊勢佐木町 3-96　日活会館3F","3bWuQDdHOePICuG1SK56wA","35.44281 139.629984",3
"バンダイナムコ Cross Store 横浜","神奈川県 横浜市中区 新港 2-2-1　横浜ワールドポーターズビブレ2F","p6-3QZ8AM5V1Z0sj1mBqrw","35.454017 139.638763",3
"namcoラゾーナ川崎","神奈川県 川崎市幸区 堀川町 72-1　LAZONA川崎プラザ4F","JepYjIF4b83oo9KAFsFwBA","35.532821 139.696199",3
"namcoOSC湘南シティ","神奈川県 平塚市 代官町 33-1　OSC湘南シティ内","iURdWRx_bncPkhvF0ukncA","35.328715 139.357283",3
"タイトーステーション戸塚西口","神奈川県 横浜市戸塚区 戸塚町 4023","qPEde2NsqUOT7R5n1QDqUA","35.399521 139.53185",2
"ラウンドワン横浜綱島","神奈川県 横浜市港北区 樽町 2-6-40　T-PLATZ","f6Gz2DZZ45_Di1FNbogGAA","35.531998 139.637179",2
"GiGO綱島","神奈川県 横浜市港北区 綱島西 2-6-29　城田ビル1～3F","qlt9SDdZg6F2XuuT8v_h3w","35.536391 139.632862",2
"GiGO 新杉田","神奈川県 横浜市磯子区 杉田 1-1-1　らびすた新杉田2F","OLKTYMadAAtvWIItlgQmSw","35.385822 139.619279",2
"ドラマ港北インター","神奈川県 横浜市都筑区 東方町 321-6","7vwCKZ0ruNLUK-MPdfq5kQ","35.519334 139.584775",2
"タイトーFステーション向ヶ丘遊園","神奈川県 川崎市多摩区 登戸 2718-1","ifuqpcbwK9lgu2zCURVyVQ","35.616468 139.565075",2
"ラウンドワンスタジアム川崎大師","神奈川県 川崎市川崎区 殿町 1-5-1","IaOkkHseA-BKry96dQ2Wqg","35.538041 139.741716",2
"GiGO 相模原","神奈川県 相模原市中央区 中央 2-1-5　ムトス内","WMrnB_FuR_TpvfOUyfy0MQ","35.573574 139.371038",2
"GiGO 相模大野","神奈川県 相模原市南区 相模大野 3-13-2　東和ビル2・3F","9C7K-2_jTflBNREdgq967A","35.532209 139.435826",2
"アドアーズ橋本","神奈川県 相模原市緑区 橋本 3-3-1　SING橋本2F","YS5oS-yQQGQLIICVQtj6ww","35.594567 139.34882",2
"アドアーズ横須賀","神奈川県 横須賀市 本町 3-27　ベイスクエアよこすか一番館　横須賀APT1F","Kf4U1-oVznb3BZGpfI937g","35.280695 139.662279",2
"ラウンドワンららぽーと湘南平塚","神奈川県 平塚市 天沼 10-1　ららぽーと湘南平塚3F","GRo_mC02M87GF-6ttlHpOA","35.337941 139.356048",2
"ドラマ藤沢","神奈川県 藤沢市 本藤沢 5-6-8","RMX-dUCjpOYMZXuun0uTww","35.358127 139.468134",2
"楽市楽座湘南藤沢","神奈川県 藤沢市 辻堂新町 4-3-5　MrMax湘南藤沢SC2F","X8jTn_dm6aWKJe3IT8tFdA","35.339722 139.464091",2
"シルクハット本厚木","神奈川県 厚木市 中町 3-4-22　第二会田ビル2F","OF08CLy2ZYxo5YBHpXbdVg","35.440025 139.363029",2
"GiGO 本厚木","神奈川県 厚木市 中町 4-15-9","Ep8tBi7yccD3iMy9IQmm5w","35.439046 139.361906",2
"プレイランド大和鶴間","神奈川県 大和市 下鶴間 1-3-1　イトーヨーカドー大和鶴間店3F","w5I6X4CJoonyQr7PSdXbww","35.490509 139.457133",2
"アドアーズ大和店A館","神奈川県 大和市 大和東 1-4-3　大黒屋ビル1・2F","YDbiNkERtIuup42PF5Rg6w","35.470556 139.462345",2
"タイトーステーション海老名ビナウォーク","神奈川県 海老名市 中央 1-18-1　ビナウォーク6番館2F","p1BhZ0KnX4eNQCNYDIwiBA","35.452759 139.395683",2
"GiGO 海老名","神奈川県 海老名市 中央 1-4-31　海老名プラザビル1F","KxAMy5MG4-qR-fmzJMSeMg","35.451554 139.392542",2
"namco新潟","新潟県 新潟市中央区 南笹口 1-1-1　ひもろぎビル2F","u1MTTl5i_F7FWUKSJ1zXRA","37.908349 139.064062",6
"カプコサーカス新潟東","新潟県 新潟市東区 大形本町 3-1-2　イオン新潟東店内ゲームコーナー","_INsvFeP7CpdKNhIuNirQg","37.925141 139.114723",4
"タイトーFステーションイオン新潟西","新潟県 新潟市西区 小新南 2-1-10　イオン新潟西店3F","YZOZPARktXVDDYIaK8By8g","37.868425 138.994755",4
"タイトーFステーション燕三条","新潟県 燕市 井土巻 3-150　イオン県央店アメニティ棟1F","xlta14dMp9G6-c3r_3tWdg","37.651304 138.934961",4
"タイトーFステーション上越","新潟県 上越市 富岡 3524　J-MAXシアター内1F","38xbgYVvaTvabTSyLEmWvA","37.148192 138.259047",4
"ラウンドワンスタジアム新潟 ","新潟県 新潟市中央区 美咲町 2-1-38","UBZ7CvGInO9gbMiWlFrd9g","37.888165 139.017606",2
"メジャーロード黒埼","新潟県 新潟市西区 山田 3303","h8JdNNRcv--4DyoBv82BUA","37.868281 139.017348",2
"アピナ長岡","新潟県 長岡市 堺東町 22","Xx9pnqr56FJdIleelpltxg","37.457893 138.813153",2
"HapipiLand十日町","新潟県 十日町市 丑 735-1","NI_UUYDD00WXoITfRabp0w","37.136249 138.745643",2
"メジャーロード見附 WEST","新潟県 見附市 上新田町字下野沖 516-1","ezgJOEwX-ATGXfNh4cvYvg","37.543098 138.891447",2
"上越レジャーランボウル","新潟県 上越市 下門前 827-2","g8UVj9xJd4ZkJsc6bTL6Hw","37.164049 138.248975",2
"富山レジャーランド掛尾","富山県 富山市 掛尾町 360-1","l-6y0_ej1THHfyVgj0Cgwg","36.666032 137.20889",2
"アピナ富山豊田","富山県 富山市 豊田町 2-12-66","rZ-nNXYwETLGjY1DS5gu9Q","36.721033 137.235482",2
"トヤマレジャーランド呉羽","富山県 富山市 高木字貝塚 2054","6OgKrYA-qnAUW0DQ_6ljLA","36.71546 137.157923",2
"ユーズランド高岡","富山県 高岡市 下伏間江 383　イオンモール高岡2F","3maJuGQ8lsSZE3MZQZg6nw","36.723733 137.017289",2
"サービスエリアイン高岡","富山県 高岡市 下石瀬 857-1","AcAIewngKzSCvIzp6v6xsQ","36.76041 137.046322",2
"ゲームスポットアップル","富山県 魚津市 吉島 2-407-1","0mdIyC8oks0egF8Abo0xRw","36.826671 137.413994",2
"バイパスレジャーランド藤江新館","石川県 金沢市 藤江南 2-105","p9jy0M8iVdBbGW4nsRu-Cg","36.583762 136.62073",6
"ラウンドワンスタジアム金沢","石川県 金沢市 横川 6-120-1","MCoRt58vlEyflG2Q0QnI5g","36.542122 136.625998",2
"バイパスレジャーランド藤江本館","石川県 金沢市 藤江南 2-41","8ZLAOVSp9o2pKDS3giAPtw","36.584055 136.621554",2
"バイパスレジャーランド加賀","石川県 加賀市 箱宮町 ヲ1-1","YJfzyxCLj5be4RETqnaFpQ","36.325377 136.411336",2
"MIRAINOイオンモール白山","石川県 白山市 横江町 5001　イオンモール白山3F","iGiQhkLIZC02yHbTIpD-Jg","36.543113 136.585317",2
"福井レジャーランド板垣","福井県 福井市 下馬 3-112","ZWyJV2AbZSs5k6Pw9Z3Izg","36.042309 136.233763",2
"フクイレジャーランドワイプラザ","福井県 福井市 新保北 1-303　パワーシティフクイワイプラザB棟2F","WLk9eDt9x-cYYdo1xn80iQ","36.086962 136.249491",2
"GiGO 武生","福井県 越前市 新町 3字13-4　シピィタウン内","vdrljDhJDOOKnaNZEC_GFA","35.905187 136.153409",2
"ゲームパニック甲府","山梨県 甲府市 国母 5-20-24","7wX9Fw_tKIiJBrIGi8Y0Cw","35.64204 138.547361",4
"プラサカプコン甲府","山梨県 中巨摩郡昭和町 西条字北河原 3717","UzSf8ZyfrDUWq0Ymx_ERdQ","35.642872 138.546052",4
"ラウンドワンスタジアム長野","長野県 長野市 東和田 827-6","mtkQGduLJYTjzlLD9puRVQ","36.651115 138.225406",2
"アピナ松本","長野県 松本市 双葉 19-10","qed73OVsGkV6th9FBRftWw","36.210503 137.96155",2
"岐阜レジャーランド穂積","岐阜県 瑞穂市 稲里 630","1agMaI4AB6Bbll5yz2wxwg","35.384322 136.684567",4
"ACグランド茜部","岐阜県 岐阜市 茜部大川 1-77","jPwNjqwZCslQP_vXF_Gg3w","35.38305 136.746193",3
"MIRAINOイオンモール土岐","岐阜県 土岐市 土岐津町土岐口 中山1372-1　イオンモール土岐2F","S5XD8OEVvMYJ3fWCPzX0SQ","35.346769 137.154191",3
"モーリーファンタジーf 岐阜","岐阜県 岐阜市 正木中 1-2-1　マーサ21北館3F","K3hlYBNGk4tCFjWTWD6S1A","35.448447 136.744947",2
"ゲームピコ鵜沼","岐阜県 各務原市 鵜沼西町 3-309　イオンタウン各務原鵜沼内","HQaVPyhaNgkdhwlq_c2jZg","35.401622 136.933771",2
"ラウンドワンモレラ岐阜","岐阜県 本巣市 三橋 1100　モレラ岐阜2Fスノープラザ","fW2gQxdnbte1vICi7PDyfA","35.455211 136.672766",2
"GiGO サントムーン柿田川","静岡県 駿東郡清水町 玉川 61-2　サントムーン柿田川本館2F","tDPJ7aoBHdEBxayj5DNgjQ","35.109774 138.903001",4
"アップル新北街道","静岡県 静岡市葵区 沓谷 5-13-4","ZWsAHzLixCUK5En4Ci7HEA","34.99831 138.413438",3
"カプコンマークイズ静岡","静岡県 静岡市葵区 柚木 191　マークイズ静岡3F","VH61ayrgVeWZlVlYKNQ57A","34.984438 138.410411",2
"ラウンドワン静岡・駿河","静岡県 静岡市駿河区 手越 75","hMvPUTrgPP5NWj1bNbejwA","34.950979 138.360522",2
"ポート24浜松","静岡県 浜松市中央区 坪井町 4183-1","AViiQmqRZZoSLsbZKrvH_g","34.68015 137.644323",2
"ラウンドワンスタジアム浜松","静岡県 浜松市中央区 天王町字諏訪 1981-17","2TSaEN20zY4V3zgbrgdB6A","34.737486 137.763727",2
"プラサカプコン志都呂","静岡県 浜松市中央区 志都呂 2-37-1　イオンモール浜松志都呂3F","Ww-rnao5zP6GvFaRr2C_qA","34.696688 137.650923",2
"楽市楽座サンストリート浜北","静岡県 浜松市浜名区 平口 2861　サンストリート浜北2F","yb8RIeGXGOmavQgnTLmy7g","34.795749 137.761109",2
"アップル島田","静岡県 島田市 宝来町 8-5","qMsdAzutuOjEXVB6f6fg9w","34.826568 138.187363",2
"ラウンドワン富士","静岡県 富士市 八代町 4-15","FFyrJcdRyexXwn513WFnog","35.153123 138.693812",2
"モーリーファンタジーf 富士南","静岡県 富士市 鮫島 118-10　イオンタウン富士南2F","pAoxxQ56xzWjFYvDlHIhow","35.139725 138.675802",2
"アップルグランリバー大井川","静岡県 焼津市 下江留 1327","sx05dGBgbUm8FKGVGOwCdA","34.809874 138.273113",2
"アピナ焼津","静岡県 焼津市 道原 585","J4XS18eZYZosPz8KO6Lyaw","34.833567 138.306005",2
"GiGO 掛川","静岡県 掛川市 細田 248","RhCAHN7sK8RD4UAtY8erKA","34.773874 137.98533",2
"GiGO 袋井","静岡県 袋井市 川井 1142-1","fybuIak5m5Rxz5CSHESp6w","34.746338 137.911439",2
"namco名古屋駅前","愛知県 名古屋市中村区 椿町 6-6　ビックカメラ名古屋駅西店B1・6F","dGBPFCUskxBgPVYyY5JuGg","35.170332 136.879418",8
"ゲームパニック大須","愛知県 名古屋市中区 大須 3-30-93　メガタウンB1F","jk53mkKF2xxohgpltWpEEg","35.160031 136.905377",6
"タイトーステーションフェドラ大須","愛知県 名古屋市中区 大須 3-30-31　萬松寺駐車場ビル1・2F","sCDewv3uX1El61Xv5vvVxw","35.159477 136.905435",4
"ゲーム・キング・ジョイ","愛知県 名古屋市中区 栄 3-3-32","_HZmOYM6vTr7Ltes0gcchQ","35.167972 136.905001",4
"名古屋レジャーランド内田橋","愛知県 名古屋市南区 内田橋 2-26-22","xhWcqjaoG9OHvb7Zz7MgDg","35.113708 136.909819",4
"GiGO 金山","愛知県 名古屋市熱田区 金山 1-19-2","3-ORBrPCdQ-h4VpI8Mycsg","35.142681 136.902152",4
"ゲームパニック大高","愛知県 名古屋市緑区 忠治山 201　名古屋グランドボウルB2F","j2K-unC89HszP8F_031cYQ","35.048443 136.94959",4
"ゲームランド岡崎","愛知県 岡崎市 戸崎町字外山 38-5　イオンモール岡崎シネマ館3F","niqSaLiggk5aCUH1Fod82Q","34.939144 137.1632",4
"GiGO 北岡崎","愛知県 岡崎市 錦町 2-4","LBsjRSAKCdJtOP0xJkQ9Ag","34.973718 137.160074",4
"M&#39;sPARK豊田","愛知県 豊田市 寿町 3-21・22　トヨタグランドビル","eqdGKTa5ep0JrNzZU8uHrA","35.056708 137.140435",4
"バンダイナムコ Cross Store 名古屋","愛知県 名古屋市西区 二方町 40　mozoワンダーシティ4F　4053区画","puqXF_2m8qXf-HFa12sMMg","35.225419 136.884342",3
"プラサカプコン稲沢","愛知県 稲沢市 長野 7-1-2　リーフウォーク稲沢　モール棟2F　区画No.201","zl_Tyz36m7t6BcHpKMAJ2w","35.260748 136.81904",3
"コムテックスクウェア","愛知県 名古屋市中区 金山 1-16-8","cQRctRLqvj0NWvr-r5EluQ","35.143977 136.899905",2
"アピナ名古屋栄","愛知県 名古屋市中区 錦 3-17-15　ドン・キホーテ栄本店B1～B3F","Q_X3pEIII3-m3kW_i38Nxw","35.17021 136.906391",2
"ラウンドワンスタジアム中川1号線","愛知県 名古屋市中川区 法蔵町 2-23","kJ96BZIgAgy3qLH5CIEvXw","35.123644 136.863605",2
"コムテックタワー","愛知県 名古屋市中村区 名駅 4-10-20","F7ljdxdhKJx1C3ESSTcUXw","35.169428 136.885974",2
"GIGO マーケットスクエアささしま","愛知県 名古屋市中村区 平池町 4-60-14　マーケットスクエアささしま1F","-VKb5bpF1YJYJW5jKvAjtw","35.162623 136.884936",2
"ファンタジープラザ名古屋","愛知県 名古屋市北区 玄馬町 234-1　CROSS TOWN　ドン・キホーテ名古屋本店2F","lpod1NXrZ-3eyHzdqKwneA","35.22631 136.909502",2
"ラウンドワン千種","愛知県 名古屋市千種区 新栄 3-20-17　タイホウ千種駅南ビル8F","ZujUSFrVKFgkq1A0AMyMMA","35.168071 136.928005",2
"モーリーファンタジーf 新瑞橋","愛知県 名古屋市南区 菊住 1-7-10　イオンモール新瑞橋　イオン新瑞橋店3F","yqtry2mo9dZlIHOxc_BNjw","35.114709 136.93525",2
"プラサカプコン徳重","愛知県 名古屋市緑区 鳴海町 字徳重18-44　ヒルズウォーク徳重ガーデンズ　ガーデンズ棟2F","K2mljTuYK1p_b7UccDHAiQ","35.094389 136.999208",2
"ラウンドワンスタジアム豊橋","愛知県 豊橋市 大岩町字岩田 27-2","pKV8Q4SNthazlUGAKd1ENg","34.723701 137.432611",2
"GiGO 豊橋飯村","愛知県 豊橋市 飯村町西山 25-121","2XbCctfme1gFxSAgJpaLMw","34.749094 137.413873",2
"GiGO 岡崎","愛知県 岡崎市 上地 3-50-4","JJUKFKxqqu8AKFeYiXrzbg","34.911355 137.169312",2
"ADXマミー岡崎","愛知県 岡崎市 井田新町 6-1","WjOKnaPt8-R61FKbJJgF3w","34.977012 137.161699",2
"GiGO 尾西","愛知県 一宮市 篭屋 3-9-7　アソビックスびさい1F","uK9YXuilCH5wCvHvAXAEaw","35.309218 136.771521",2
"ラウンドワンスタジアム半田","愛知県 半田市 瑞穂町 6-7-8","auvseEKrmb62d-DqdpXXaA","34.885376 136.941376",2
"GiGO 春日井","愛知県 春日井市 岩野町 4180","FGp4SEhB9nT2NkBaS_X5wA","35.269869 136.960394",2
"豊川メトロポリス","愛知県 豊川市 下長山町上アライ 14-1","2KDJ_WbwTTgLhvmZt2ifuw","34.802475 137.384806",2
"MIRAINOイオンモール豊川","愛知県 豊川市 白鳥町兎足 1-16　イオン新豊川3F","L7a18TGqDxWxtuIfjxLV-w","34.825275 137.351273",2
"GiGO イオンタウン刈谷","愛知県 刈谷市 東境町京和 1　イオンタウン刈谷内","rYUoXzLtE2SOu7CX14RJfw","35.038808 137.026769",2
"M&#39;sPARK刈谷","愛知県 刈谷市 稲場町 3-206","sGJo2Mn_qYmmXOU6jzdQUw","35.005464 137.001438",2
"GiGO 豊田","愛知県 豊田市 深田町 1-65-1","utvRw5zMR8QOEKzMOGQA5g","35.067909 137.123833",2
"安城メトロポリス","愛知県 安城市 浜富町 6-8","voxcgXrCQKrVGA2EeiUJkQ","34.955195 137.097346",2
"GiGO 安城","愛知県 安城市 百石町 2-35-13","sMdP3MbrPQMXa3-zM6Y5DA","34.947393 137.073159",2
"アミューズファクトリー常滑","愛知県 常滑市 りんくう町 2-20-3　イオンモール常滑2F","xnp8nJaqYvWWMo8dwEzeDw","34.882341 136.826092",2
"ゲームアルカナ","愛知県 稲沢市 朝府町 2-33","tDl95pZUkUp57dQR6H-QLw","35.251863 136.778801",2
"ファンタジックランド高浜","愛知県 高浜市 神明町 8-20-1　Tぽーと2F","2nfzcDkk9U71AuXx04t_iQ","34.936403 137.001542",2
"ソユーゲームフィールド赤池","愛知県 日進市 赤池町 箕ノ手1　プライムツリー赤池3F","nE2yscc-S6s-nR2PflPnww","35.108621 137.024397",2
"楽市楽座022楽市街道名古屋","愛知県 北名古屋市 中之郷字神明 45-1","xOTLqtgkZ_EJmpjwdug8OA","35.239836 136.848804",2
"ラウンドワンスタジアム名古屋西春","愛知県 北名古屋市 宇福寺神明 15","4jQbSFy9ko3cDfx8mjIeow","35.25485 136.843627",2
"ファンタジックランド西春","愛知県 北名古屋市 鹿田若宮 3926-10　ヨシズヤ西春店5F","SuUWiF41VEtTPKWEQB9ZzQ","35.244961 136.871771",2
"GiGO 長久手","愛知県 長久手市 武蔵塚 705","2WN0sxkV7WgyK-1oGTRy4g","35.171379 137.045453",2
"楽市楽座イオンモール扶桑","愛知県 丹羽郡扶桑町 南山名字高塚 5-1　イオンモール扶桑2F","6Dun6oZZAza6Tr373KgjLg","35.361216 136.900508",2
"ユーズランド東浦","愛知県 知多郡東浦町 大字緒川字旭 13-2　イオンモール東浦2F","l8RKKMo7m7zzVon0E1mOiw","34.978955 136.974117",2
"ポート24幸田","愛知県 額田郡幸田町 高力字沖原 15　カメリアガーデン幸田内","dAPkzhiuW-QbcFE0N7b-0g","34.890299 137.163114",2
"PALOイオンモール津南","三重県 津市 高茶屋小森町 145　イオンモール津南3F","v7egYpiLlVfy9h86vBjWhA","34.670602 136.518025",2
"ラウンドワン津・高茶屋","三重県 津市 高茶屋小森町 277-8","KFHPVXAmVC0crqK3fWMMaw","34.672466 136.51947",2
"アピナ四日市","三重県 四日市市 泊小柳町 4-34","wpt7HVJFEH183x0u6gY6iQ","34.93929 136.606761",2
"GiGO 生桑","三重県 四日市市 生桑町字川原崎 299-1","fA52hitDDSF7YNZJLh9ILw","34.986541 136.601579",2
"アミューズメントスペースコミ丸四日市","三重県 四日市市 鵜の森 1-3-19","JYCMwjakE89A93MuvfgXyQ","34.96642 136.616471",2
"アミパラ鈴鹿","三重県 鈴鹿市 西條町字東澤 430-1","98mZOKMJ_0SPLJ8-0FmtEw","34.87533 136.568324",2
"滋賀レジャーランド大津","滋賀県 大津市 におの浜 3-1-43","ma-2Lzmty6Hxy2QrJfPMTA","35.003934 135.883405",4
"namcoビバシティ彦根","滋賀県 彦根市 竹ケ鼻町 43-1　ビバシティ彦根2F","dY6V_8zonTZg3J1kjlsVSw","35.244068 136.249942",3
"ラウンドワンスタジアム浜大津アーカス","滋賀県 大津市 浜町 2-1　浜大津アーカス内","x5uzPBNvllFb0wu8FGJbqw","35.010522 135.866714",2
"彦根パスカ","滋賀県 彦根市 西沼波町 166","7oKMXCf_2CYKS-AUbRItww","35.258695 136.265367",2
"タイトーFステーションイオン近江八幡","滋賀県 近江八幡市 鷹飼町南 3-7　イオン近江八幡SC2番街　イオン近江八幡店1F","KtAFGVY8_cbLzlaHlstbQg","35.120511 136.104014",2
"ゲームランド草津","滋賀県 草津市 新浜町 300　イオンモール草津3F","PwRR7fvv5tLCMwCjRRNrMg","34.997841 135.917598",2
"アミパラ草津","滋賀県 草津市 木川町 72","qT_0oMV8D8s6Ukq985V-AQ","35.020002 135.943196",2
"アクション草津","滋賀県 草津市 野路 3-1-11　ACT草津2号館","g_9HNy3c2xEmMvZJuYGeCQ","34.999231 135.945959",2
"ラウンドワン京都河原町","京都府 京都市中京区 河原町通三条下る山崎町 250","bY9a4pST8rybbdVCYuuXCQ","35.006991 135.768568",4
"バンダイナムコ Cross Store 京都","京都府 京都市南区 西九条鳥居口町 1　イオンモールKYOTO　Sakura館4F","YGFnfpv6GKnsaLGg3h91Fw","34.982815 135.754626",4
"ラウンドワンスタジアム京都伏見","京都府 京都市伏見区 下鳥羽平塚町 131","wxIFO4huSpNdlLwuPEkJVA","34.935939 135.746266",2
"プラサカプコン京都","京都府 京都市右京区 西院追分町 25-1　イオンモール京都五条3F","KKWDXFcZkgkbWw5phqwN7Q","34.997453 135.727353",2
"あそVIVAゲームセンター","京都府 福知山市 堀上高田 2146-1　あそVIVA1F","nGZQjG4WFx9d0M73aGxRJg","35.290556 135.132984",2
"モーリーファンタジー高の原","京都府 木津川市 相楽台 1-1-1　イオンモール高の原　イオン高の原店4F","J7e7o1XHru6N212sCFodcg","34.725301 135.790814",2
"アミパラ久御山","京都府 久世郡久御山町 森 大内337　イオンタウン久御山内","kE9wqLXYZ72SNCMOD716sA","34.895385 135.746916",2
"namco梅田","大阪府 大阪市北区 小松原町 3-3　OSビル1～3F","LCI0iXEtSn8q48CMTp31cA","34.702742 135.500371",12
"namco大阪日本橋","大阪府 大阪市浪速区 難波中 2-1-17　コスモビル1～3F","XuQh9gkh3pkL170fhZUthg","34.662991 135.504316",10
"ラウンドワン梅田","大阪府 大阪市北区 小松原町 4-16","taxoTRMPY-gM6NmIRmu4bA","34.703185 135.500911",8
"ラウンドワンスタジアム千日前","大阪府 大阪市中央区 難波 1-3-1","MVUXKbrszIHDDo0Ac5hR3A","34.667424 135.502671",4
"GiGO 大阪第4ビル","大阪府 大阪市北区 梅田 1-11-4　駅前第4ビルB1F","uA83rC9I7s-hjuo3n-gGug","34.699746 135.499503",4
"タイトーステーション大阪日本橋","大阪府 大阪市浪速区 日本橋 4-9-14","AGzomhjWnkNK63BQaH8UzQ","34.660394 135.506057",4
"GiGO 難波アビオン","大阪府 大阪市浪速区 難波中 2-3-15　MMOビルB1～3F","5BB8wDEw9o1OHziRDnANvQ","34.662687 135.503247",4
"GiGO あべのアポロ3F","大阪府 大阪市阿倍野区 阿倍野筋 1-5-31　アポロビル3F","nui6xmZI1X5GWsvYBqLiGA","34.646541 135.511716",4
"ラウンドワンスタジアム堺中央環状","大阪府 堺市東区 石原町 2-241","TqqhKc5g7x8_TcAJjmt1-A","34.556945 135.536538",4
"GiGO 布施","大阪府 東大阪市 長堂 1-1-1　ロンモール布施内","ALdFrzpnQgaKh8YaRJZS-A","34.66419 135.563602",4
"namcoマグスミノエ","大阪府 大阪市住之江区 泉 1-1-82　マグスミノエ1F","N2XkauGg7dELBn1-LxIDlA","34.610014 135.468281",3
"バンダイナムコ Cross Store イオンモール大日","大阪府 守口市 大日東町 1-18　イオンモール大日4F","z-BtUMqyz6QDyrUtpo3erg","34.748688 135.580285",3
"GiGO 大阪道頓堀本店","大阪府 大阪市中央区 道頓堀 1-8-22","9yLtPLYvhFWoCk_Y9X1UzA","34.66849 135.501699",2
"モーリーファンタジーLINKS UMEDA","大阪府 大阪市北区 大深町 4-8　LINKS UMEDA内","XtDZQdSfuKTpJfrngp-fnw","34.704094 135.496268",2
"ラウンドワン東淀川","大阪府 大阪市東淀川区 菅原 7-14-29","453J7048vAECAghuRBOJmA","34.742758 135.525038",2
"アテナ日本橋","大阪府 大阪市浪速区 難波中 2-1-22","qwR4xN9QePGhEfe6k1CAVg","34.663013 135.504957",2
"ゲームポイントシャトーEX","大阪府 大阪市都島区 東野田町 3-9-3　グランシャトービル1・2F","-x28HPgenhZKihyQAozJkw","34.697994 135.534258",2
"ラウンドワンスタジアム堺駅前","大阪府 堺市堺区 戎島町 4-44-3","vDye4MmzU10qmBz4NdY_5Q","34.583431 135.468442",2
"ソユーゲームフィールド堺鉄砲町","大阪府 堺市堺区 鉄砲町 1　イオンモール堺鉄砲町3F","QmB0AlrlJ1QgM_cEIVC72A","34.594046 135.481209",2
"エンターテイメントフィールドららぽーとEXPOCITY","大阪府 吹田市 千里万博公園 2-1　ららぽーとEXPO CITY3F","dN1F14rkPc3MuSlDxd3iDA","34.805403 135.535455",2
"ラウンドワンスタジアム高槻","大阪府 高槻市 辻子 3-6-4","CHwoPsffWJOSX4qcmaRVyg","34.832634 135.630051",2
"ラウンドワン守口","大阪府 守口市 佐太東町 2-6-14　ジャガーグリーン2F","3yQ5-VfmF89U09jSCUxtCw","34.756114 135.588627",2
"Feedy Diner＆Arcade 茨木","大阪府 茨木市 松ケ本町 8-30-5　イオンモール茨木4F","nPwBiLH62jgu1Y-3tdGVSA","34.810615 135.558538",2
"あそVIVA阪急茨木","大阪府 茨木市 永代町 6-2　スポーツプラザ茨木2F","p94C8E_nLnhaMdWLHnkZsg","34.817974 135.576388",2
"YAZ寝屋川","大阪府 寝屋川市 石津中町 25-26","x6fFczbRzrMnfLhz5gT0xg","34.780033 135.619569",2
"モンキートリック","大阪府 寝屋川市 香里南之町 32-5　YNレジデンス香里2F","VwnYvgSVG-UR4-FFq8aZ_A","34.783294 135.628769",2
"アミパラ大東","大阪府 大東市 南新田 2-3-5","V39qvmc2SJPrPh28_TkEGg","34.701136 135.638597",2
"プラサカプコン藤井寺","大阪府 藤井寺市 岡 2-10-11　イオン藤井寺SC2F","xl39-WUJlfUJJqClP53IzQ","34.573949 135.593197",2
"GiGO 三宮北口","兵庫県 神戸市中央区 北長狭通 1-8-1　コスモビル2F","bi1AfFo-XTrAT-2yc78hng","34.69312 135.192193",4
"namco豊岡","兵庫県 豊岡市 中陰字大工 617　3F","P6IFzxR-h2tbDd7qleYm1w","35.554928 134.812229",3
"タイトーFステーション三宮西館","兵庫県 神戸市中央区 三宮町 2-11-1　センタープラザ西館3F","ZMaLfVUyoNX54hkh4CRy9A","34.691116 135.191167",2
"アルゴ","兵庫県 神戸市中央区 下山手通 1-1-8","I2cuaeHkGExVtOWE9iFeUw","34.693775 135.191408",2
"ラウンドワン三宮駅前","兵庫県 神戸市中央区 小野柄通 6-1-17","TUn5h-mmq5OVNUjN0d3M-w","34.693934 135.197376",2
"遊スペースマジカル","兵庫県 神戸市中央区 琴ノ緒町 5-2-3","nc6fPgsQjV75DuRSkzX7JQ","34.695495 135.195023",2
"メガパレス遊スペースアローズ","兵庫県 神戸市西区 丸塚 2-9-18　ホームランスタジアムメガパレス2F","-Mx1COw66CAbhYG-g8KtuA","34.679055 134.982861",2
"G-pala 花北","兵庫県 姫路市 増位新町 1-6　ヴィーナスタウン花北2F","5CGjduH69nK99yIKnlSY-g","34.856003 134.709354",2
"モーリーファンタジー姫路大津","兵庫県 姫路市 大津区大津町 2-5　イオンモール姫路大津　イオン姫路大津店2F","TSrQBc5IjdZvCdXE15ZNLA","34.806563 134.606688",2
"アピナ姫路","兵庫県 姫路市 東郷町 1454-3　姫路リオス2F","OoQZ3l2xFyy7cdHaLUPxpQ","34.826968 134.71516",2
"ラウンドワン姫路飾磨","兵庫県 姫路市 飾磨区中島 1-254","xswXcjaarG16hdpeqe4QoQ","34.792206 134.686951",2
"GiGO 姫路駅前","兵庫県 姫路市 駅前町 254　姫路OSビルB1F","SntAV8PvUXJbmAdwZE2cjg","34.828889 134.691146",2
"GiGO つかしん","兵庫県 尼崎市 塚口本町 4-8-1　つかしんにしまち2F","lggedNv2RSjdQUcewDQYCg","34.761884 135.418049",2
"モーリーファンタジー明石","兵庫県 明石市 大久保町ゆりのき通 3-3-1　イオン明石SC3番街3F","PmNUO7b-3dJW7mFIdJ4inA","34.678624 134.935124",2
"ラウンドワン伊丹","兵庫県 伊丹市 昆陽 7-29","KOlZofSMIbSVO6sRsVUxWQ","34.779073 135.393416",2
"NICOPA伊丹昆陽","兵庫県 伊丹市 池尻 4-1-1　イオンモール伊丹昆陽4F","eKz_wqwcYIl1zApmgS_wdQ","34.784467 135.38138",2
"アミパラ加古川","兵庫県 加古川市 尾上町今福 71-2","6ajP4KZNxfZ8c95cv1J1bw","34.751682 134.828291",2
"ラウンドワンスタジアム奈良ミ・ナーラ","奈良県 奈良市 二条大路南 1-3-1　ミ・ナーラ5F","9yUTB1_pofBLF-qshTdG7g","34.685286 135.802587",2
"アミューズメントCUE奈良大和高田","奈良県 大和高田市 東中 2-11-16","YBspbi5DwNbuhCVvJRqCOA","34.499731 135.735591",2
"アミパラ橿原","奈良県 橿原市 十市町 1222-1　ツインゲート橿原1F","6T7Ozj3xyknt9aneTc4Fdg","34.529415 135.796848",2
"ソユーゲームフィールド奈良橿原","奈良県 橿原市 曲川町 7-20-1　イオンモール橿原3F","ioDu4RJS9OjlgIxPBNczUg","34.505523 135.762454",2
"ユーズランド和歌山","和歌山県 和歌山市 ふじと台 23　イオンモール和歌山2F","_4QIg4wKtYX3JiRvvg8zEw","34.276154 135.149201",2
"ピタゴラス和歌山","和歌山県 和歌山市 土入 73-1","37jenbdchd9NKhFGndyfVQ","34.252872 135.145628",2
"ラウンドワンスタジアム和歌山","和歌山県 和歌山市 小雑賀 739-3","4VNESAgg2ze3gSKRohVKWw","34.19843 135.185802",2
"アミパラがいな","鳥取県 米子市 日ノ出町 1-8-13","os3vWpHgugYrgvv37g6ADg","35.437774 133.339197",2
"GiGO 松江","島根県 松江市 嫁島町 12-15","oaGJimiIdPF28uuaUugEwQ","35.450092 133.047815",2
"PALO松江","島根県 松江市 東朝日町 151　イオン松江SC　イオン松江店3F","QMzwb3vgUDEO3vgrjV2QHg","35.463977 133.069493",2
"you me CIRCUS 出雲","島根県 出雲市 大塚町 650-1　ゆめタウン出雲東館3F","x7aXBIGWLLvuV0FMcPedtg","35.376384 132.754449",2
"ユーズランド倉敷","岡山県 倉敷市 水江 1　イオンモール倉敷2F","6zfxKovNVthvnosimI8w9w","34.603515 133.745177",4
"モーリーファンタジーf 岡山","岡山県 岡山市北区 下石井 1-2-1　イオンモール岡山　イオン岡山駅前店4F","zdB6Q7_AGCHkB0UKkXb1Jg","34.662045 133.917796",2
"アミパラテクノランド","岡山県 岡山市北区 大和町 1-7-12","DawC43P4Q8oEstQL4-Kfmw","34.679149 133.927389",2
"アミパラ岡山","岡山県 岡山市北区 青江 1-13-8","Zd8VCcI5EJCntk48EbZM1g","34.636227 133.91996",2
"ラウンドワンスタジアム岡山妹尾","岡山県 岡山市南区 妹尾 3413-1","zWbsujVB3SP82RZAxvr1Kg","34.622883 133.869631",2
"ファンタジスタ","岡山県 倉敷市 新倉敷駅前 5-194","IXZP_DqH6Ot6YWPHl11Jrg","34.558327 133.676755",2
"アミパラ倉敷","岡山県 倉敷市 西中新田 624-1　アミパラボウル1F","2PHgIg7a9QiT5o8-PsfIYg","34.583546 133.771312",2
"namcoイオンモール広島府中","広島県 安芸郡府中町 大須 2-1-1　イオンモール広島府中3F","eEJPWYFMvxEN_SwIMWgksQ","34.394622 132.499793",6
"namco広島紙屋町","広島県 広島市中区 大手町 2-3-3　大手町ナルミヤビル1F","uCFR-jCkHNPDpH6omPZWtA","34.39334 132.455434",3
"ビバーチャ","広島県 広島市中区 南竹屋町 10-17","EoiosiZb6MOwl57bX42ZbA","34.379333 132.461279",2
"タイトーステーション広島本通","広島県 広島市中区 本通 3-5　せらかぐ本通ビル","JRMqlEd_DzbVUtTDs5sFAw","34.392798 132.46039",2
"ラウンドワン広島","広島県 広島市中区 立町 3-11","05BgWC8_iCLCyI0oBh_iNQ","34.393565 132.460063",2
"タイトーステーション広島紙屋町","広島県 広島市中区 紙屋町 2-2-21","cQGAGO_mbM4gUa2lIstiWA","34.394074 132.456075",2
"プラサカプコン広島","広島県 広島市佐伯区 石内東 4-1-1　ジ・アウトレット広島1F","oB3TF16Sfy5AqXC77anvEQ","34.411727 132.397612",2
"GiGO 中筋","広島県 広島市安佐南区 中筋 4-11-7　フタバ図書MEGA祇園中筋店2F　レンタルコーナー奥","rjdEzvfqqnSta3fqtxhFbg","34.455338 132.478846",2
"ブラックジャックアクア","広島県 広島市安佐南区 大町東 4-12-11","8DFB-NbAxaKZi5dYhYsIcA","34.468869 132.463027",2
"GiGO アルパーク北棟","広島県 広島市西区 草津南 4-7-1　アルパーク北棟2F","rGidToOvzpywKhwJBBCZ-w","34.375512 132.393749",2
"アミパラ広島","広島県 広島市西区 西観音町 3-17","ikPCRl_Le62XPNO8OCsyQg","34.393516 132.436109",2
"GiGO 尾道","広島県 尾道市 新浜 1-2-13","pq0UJ_Tk5ypgxof5nq6DIA","34.40304 133.186313",2
"アミパラ東尾道","広島県 尾道市 高須町 5688","x0KwM389Cd9sgjf2Zvvg8Q","34.43048 133.23158",2
"あみぱらんど福山","広島県 福山市 三吉町南 2-8-24","0JF627lKzRljq1CDlVlYFg","34.488359 133.378658",2
"ラウンドワン福山","広島県 福山市 明神町 1-9-28","LoNJo_p29uuPiX22okMdMg","34.489191 133.392434",2
"GiGO 福山","広島県 福山市 瀬戸町山北 300","BkO2sMhMdc3qSCbMNOQL9Q","34.47606 133.315919",2
"アミパラここじゃ","広島県 東広島市 西条町下見 6-10-19","vMSJWICCeH0hDokFxKFQ5w","34.407574 132.715536",2
"GiGO 海田","広島県 安芸郡海田町 南大正町 3-35","FkOq794-dQWj-3zukTVASg","34.367528 132.533784",2
"ネオ・ブラボー","山口県 防府市 高倉 1-3-30","gjLo1YWDwBojztmeIavxwA","34.054957 131.559199",4
"アミパラ下関駅南","山口県 下関市 東大和町 1-3-15","oHY1Kd7ZLOI1o_YJpDJBdg","33.945245 130.920528",2
"アミパラ下関長府","山口県 下関市 長府才川 1-42-48","Y4SmKkjylIq9ud_4o71Gdg","34.025366 131.007467",2
"フレスパランドカッタの湯","山口県 宇部市 海南町 1675","RWB83Aiyt99pl4CGiNdK1Q","33.958448 131.261525",2
"タイトーFステーション山口メルクス","山口県 山口市 黒川 82-1　ハイパーモールメルクス山口内","EEoi04B15SwATkmzpQWSMw","34.136025 131.434486",2
"PALO防府","山口県 防府市 中央町 1-3　イオン防府店3F","KCT8vUkh1nQRUYWlA2Sq9Q","34.052202 131.569678",2
"ソユーファミリーゲームフィールド防府","山口県 防府市 鐘紡町 7-1　イオンタウン防府1F","d47HlNP1hE2xenuKBZGAmw","34.048268 131.590269",2
"アミパラ周南久米","山口県 周南市 久米 2834　イオンタウン周南久米内","0Zd-rEDboIDrE62DGEllsA","34.036785 131.842656",2
"ゲームスポットSPEED","山口県 周南市 久米 3219","dGpr4RPrK0lWWIH2DzGAiQ","34.034169 131.834752",2
"ラウンドワン徳島・万代","徳島県 徳島市 万代町 4-19-1","VyY015uSjzC5ofUW-bACdQ","34.064799 134.56451",2
"アミューズメントパフェパレパレ田宮","徳島県 徳島市 南田宮 2-2-46","BiXsAGj5fRXx__8by00DpA","34.086076 134.542587",2
"アミパラ丸亀","香川県 丸亀市 飯野町西分字川縁甲 584-1　ハローズ棟内","v0V2cyongIoS1pzzxOF0Dw","34.284657 133.820461",4
"ゆめタウン高松店ゆめランド","香川県 高松市 三条町字中所 608-1　ゆめタウン高松2F","4U6Y2yCz9KrIoQQy07H_Qg","34.316753 134.041901",3
"GiGO 高松","香川県 高松市 勅使町 535","6Y6dZrX7P886Y8cpk8ElgA","34.308457 134.018485",2
"ラウンドワンスタジアム高松","香川県 高松市 松島町 2-7-43","Oy4aNxLtBklgf_hfb_1dDg","34.338908 134.067067",2
"マックスプラザ善通寺","香川県 善通寺市 中村町 1798-2","iMylaDMn3av4SuRKML61rA","34.243614 133.764084",2
"Feedy Diner＆Arcade 綾川","香川県 綾歌郡綾川町 萱原 822-1　イオンモール綾川3F","YMzbZjwaWu_qXB-mZmgdqw","34.251666 133.931004",2
"プラサカプコン新居浜","愛媛県 新居浜市 前田町 8-8　イオンモール新居浜2F","a4IUv5Zp_8Wgw48hhw3IOQ","33.95377 133.268855",4
"namcoパルティ・フジ西条玉津","愛媛県 西条市 玉津 564-1　フジ西条玉津店2F","U4WYsL9oBUuOHG6lf8za2A","33.930507 133.201504",3
"プレイドーム松山","愛媛県 松山市 余戸南 4-9-40　1F","iXeyzPJDs9oAUmlp7nCtgw","33.809474 132.728054",2
"アミューズメントパークMGキスケ","愛媛県 松山市 宮田町 4　キスケボックス内1F","thqiYQA14Ci5jNqZjYYoig","33.841349 132.754065",2
"ラウンドワン松山","愛媛県 松山市 東長戸 1-3-10","WQcOxHi38pHjAjFeTtHdJw","33.866512 132.751577",2
"GiGO 松山","愛媛県 松山市 枝松 5-7-32","mPBonQiZgCugZDHyZIhjdw","33.82826 132.786503",2
"タイトーFステーション今治ワールドプラザ","愛媛県 今治市 東村 1-14-2　今治ワールドプラザ内","EiRv9M_vOaGqO4sSSphR_A","34.042681 133.027878",2
"アミューズメントパークMG 伊予三島","愛媛県 四国中央市 中之庄町 75-1","0jhhdR1Gp0XTwsRXns6tSw","33.974555 133.528707",2
"ソユーフォレストハンター松前","愛媛県 伊予郡松前町 筒井 850　エミフルMASAKI　エミアミューズ1F","FTZC2qTLmGnN5NUGpwJODA","33.787806 132.71508",2
"ラウンドワン高知","高知県 高知市 南宝永町 4-12","diQaKpWw-QAx4pxNrKAzeQ","33.557749 133.554574",2
"プラサカプコン高知","高知県 高知市 秦南町 1-4-8　イオンモール高知2F","oAo0_-qytDBZRZN32Yf4AA","33.577054 133.54235",2
"アミパラ高知","高知県 南国市 篠原 194-1","nlbiff_jeeFSpKaFWMWl0g","33.567882 133.63466",2
"namco博多バスターミナル","福岡県 福岡市博多区 博多駅中央街 2-1　博多バスターミナルビル7F","wPjgAc2Lg4hO-loyy7zffg","33.59143 130.419785",14
"ラウンドワン福岡天神","福岡県 福岡市中央区 天神 2-6-12","SEGllzAlIIEMSWUAg9siUQ","33.589361 130.39683",6
"楽市楽座003楽市街道箱崎","福岡県 福岡市東区 箱崎 5-1-8　楽市街道箱崎2・3F","Eu391GRgIsIYcYb7UF_W8A","33.624027 130.419506",4
"パスカランド黒崎","福岡県 北九州市八幡西区 西曲里町 3-1　イオンタウン黒崎1F","nxskfvaM6yaLIotogYYkPA","33.859785 130.760254",2
"PEP中津口","福岡県 北九州市小倉北区 中津口 2-2-16　ASOBOX3F","JuzBcnAY85c7RAf2-RcLEw","33.877455 130.887214",2
"G-stage小倉","福岡県 北九州市小倉北区 浅野 2-14-5　あるあるCity2F","iiYL2VjRW3PvBU3uaHKchg","33.887542 130.88473",2
"楽市楽座砂津","福岡県 北九州市小倉北区 砂津 3-1-1　チャチャタウン小倉B棟3F","i427Qqwg99Nb9YH9qamfkQ","33.883239 130.889087",2
"ラウンドワンスタジアム小倉 ","福岡県 北九州市小倉北区 西港町 15-65","YdtvLT130pt234qcbcRd3Q","33.897617 130.859935",2
"PEP魚町","福岡県 北九州市小倉北区 魚町 2-4-20","747NR4t21JW-UuU0VwGYqw","33.884015 130.880113",2
"G-pala 小倉","福岡県 北九州市小倉南区 上葛原 1-14-1","OfdJoCFcDPz_K096Sa0u9A","33.839598 130.911264",2
"タイトーステーション福岡天神","福岡県 福岡市中央区 天神 2-6-35　サザンクロスビル","lbqEwPY9gSzkeHJhLi4bpA","33.589645 130.397281",2
"GiGO 福岡天神","福岡県 福岡市中央区 天神 2-7-6　DADAビル1～3F","PKKmklBbXlUn5D5Gt6NTEQ","33.589889 130.39661",2
"ラウンドワンスタジアム博多・半道橋","福岡県 福岡市博多区 半道橋 2-2-8","DIqIpVqbZ4QiPv9gwtM-cQ","33.584155 130.438442",2
"G-pala 博多","福岡県 福岡市博多区 東光寺町 2-6-40　コマーシャルモール博多2F","MtGSUAlL8BgnVWl-v9h_MQ","33.576998 130.435958",2
"楽市楽座イオンモール福岡伊都","福岡県 福岡市西区 北原 1-3-1　イオンモール福岡伊都別館2F","1zb_x5l2cNj8A7ax3A5b3A","33.577048 130.256403",2
"楽市楽座210久留米","福岡県 久留米市 東合川 2-2-1","1rqTgQL7pNwauLYgWxE-PQ","33.320081 130.546009",2
"プラサカプコン直方","福岡県 直方市 湯野原 2-1-1　イオンモール直方2F","Ci2NHWmMmPvk_kz-vlz-fA","33.76895 130.749751",2
"楽市楽座行橋","福岡県 行橋市 西泉 6-1-1　コスタ行橋アミューズ棟2F","yZqI1jxflBlBkWqYFrrmCA","33.717008 130.971632",2
"GiGO 中間","福岡県 中間市 上蓮花寺 3-1-1　プラザモールなかま1・2F","EWQe3_xDxAPHAT3LyzXQSQ","33.823074 130.721606",2
"楽市楽座くりえいと宗像","福岡県 宗像市 くりえいと 1-4-4　くりえいと宗像サウスゾーン内","Hj41OO8j8Tgh3pjDJKNB1Q","33.81052 130.56358",2
"ゲーム最後の5ドル","福岡県 糟屋郡粕屋町 仲原 2706　仲原Jボウル2F","W_Yv192a2gTMobNg45CoDQ","33.609137 130.445368",2
"G-stage七隈","福岡県 福岡市城南区 七隈 8-4-8","4aPaKAbewVno388Ij2kb9A","33.551233 130.364344",1
"G-stage飯塚","福岡県 飯塚市 枝国 680-2","WAg5B_diuOCWSRoLadbmOA","33.636487 130.676025",1
"namcoモラージュ佐賀","佐賀県 佐賀市 巨勢町大字牛島 730　モラージュ佐賀1・2F","tz5cITl1MddUR0q7ZVMfaQ","33.251275 130.319679",3
"ラウンドワンスタジアム佐賀","佐賀県 佐賀市 兵庫北 4-2-1","IV3tq3iyMCv0kdpXFoeYVQ","33.275228 130.301055",2
"namcoアミュプラザ長崎 新館","長崎県 長崎市 尾上町 1-1　アミュプラザ長崎新館4F　9401","WvDKRW0fIYw9rPBYlso64g","32.751625 129.87093",3
"アソビクル長崎戸町","長崎県 長崎市 戸町 4-9-3","PoL3jODsEsw-iENW7U60hA","32.721138 129.861187",2
"G-stage浜の町","長崎県 長崎市 浜町 2-26","RF3VVCffG8VSbXiHmkvhQw","32.744847 129.877542",2
"アミパラ佐世保","長崎県 佐世保市 大塔町 18-15","bkNxTPEB8g1KPS7RBr_ijQ","33.150047 129.780282",2
"GiGO 諫早","長崎県 諫早市 小川町 90-1","49TK4iUtseNO5gf0IMMWkg","32.831511 130.055213",2
"G-pala 時津","長崎県 西彼杵郡時津町 野田郷 59","ThGxvr3KAUuEjqJoZMV_yw","32.824355 129.847812",2
"namcoワンダーシティ南熊本","熊本県 熊本市中央区 九品寺 6-9-1","ohRXxXiykghj2EczpaYpJg","32.786914 130.714592",8
"スポラ九品寺","熊本県 熊本市中央区 九品寺 5-10-15","JSMDrFSRtOCrHss-7as5Mw","32.790466 130.714888",2
"サープラ下通りあそびタウン","熊本県 熊本市中央区 手取本町 4-12　ザ･ファインビル","TXaKeVcOjXKgMvraWd0mEw","32.802679 130.70938",2
"ラウンドワンスタジアム熊本","熊本県 熊本市西区 春日 7-25-15","gXSNfrIGu8XQrLslEMHBUg","32.785049 130.677547",2
"パスカワールドグリーンランド","熊本県 荒尾市 本井手 1574-54","pnTsaLpdqlzIKZbPCgvnpA","32.987896 130.471208",2
"パスカワールド宇土","熊本県 宇土市 善道寺町綾織 95　宇土シティモール内","5NxTjNl-0qwReneR60grLQ","32.683805 130.669776",2
"スポラ菊陽","熊本県 菊池郡菊陽町 津久礼駄飼代 2617-2","BisffWzydlsxvKEP67XbCw","32.864703 130.808946",2
"プラサカプコン大分","大分県 大分市 公園通り西 2-1　パークプレイス大分2F","bbWW1ghEymkclZAo_3FTgA","33.195361 131.657924",4
"FESTAフリーモールわさだ","大分県 大分市 木上字鉾手 2102　フリーモールわさだ内","ZIaYCmI63rW-fi6bJd4PLg","33.184704 131.568114",2
"ラウンドワンスタジアム大分","大分県 大分市 萩原 2-13-17","ZM4V0Adcwtlj8Hn2VxZtVw","33.248998 131.640179",2
"トライセン萩原","大分県 大分市 萩原 4-227-7　ACS3F","5OKjbT1PP9IdTzfNixBPxA","33.249087 131.643709",2
"ユーズランド三光","大分県 中津市 三光佐知 1032　イオンモール三光2F","1p2m4QM5wYrYjDDoArIj5w","33.560431 131.192061",2
"トライセン中津","大分県 中津市 下池永 67-3","1_D0lme-DE2HlI2YEUD-Tw","33.589652 131.211079",2
"G-pala 日田","大分県 日田市 友田字萩鶴 986-1","OxeyBhQ3ljYV526-3w-Tcw","33.32584 130.911605",2
"namco日向","宮崎県 日向市 日知屋 14798-1　ハイパーモールメルクス日向1F","b7mt1hx0IIKRjBEWvAIL6A","32.450299 131.640104",3
"ラウンドワンスタジアム宮崎","宮崎県 宮崎市 中村東 3-4-60","SX1sE9c6T19sNQOtmObAMg","31.895349 131.417599",2
"モーリーファンタジー宮崎","宮崎県 宮崎市 新別府町江口 862-1　イオンモール宮崎　イオン宮崎店2F","rP1Qwh7Tc3FMqV_MufkedQ","31.922876 131.456271",2
"ラウンドワンスタジアム鹿児島宇宿","鹿児島県 鹿児島市 宇宿 2-2-2","pG0MLhclex8UZLAbL46sXQ","31.544674 130.543349",2
"モーリーファンタジー鹿児島","鹿児島県 鹿児島市 東開町 7　イオンモール鹿児島　イオン鹿児島店3F","wNqY83qgs1OepXVBASJWeQ","31.527366 130.536939",2
"タイトーFステーションニシムタ出水","鹿児島県 出水市 六月田町 347","cNLILpsFb_nI3XFR7zy1gQ","32.105248 130.345441",2
"モーリーファンタジー那覇","沖縄県 那覇市 金城 5-10-2　イオン那覇SC　イオン那覇店3F","K7vX-4lsApGN-U9jnosI6A","26.197033 127.665853",2
"ラウンドワンスタジアム沖縄・宜野湾","沖縄県 宜野湾市 真志喜 3-28-8","eoz-T4ykGEkt79e0TI5n2w","26.275854 127.731009",2
"楽市楽座イオンモール沖縄ライカム","沖縄県 中頭郡北中城村 ライカム 1　イオンモール沖縄ライカム4F","XFSWBGYFX4VUUEanfiKPrA","26.314286 127.796464",2
"ラウンドワン沖縄・南風原","沖縄県 島尻郡南風原町 兼城 552","2Tj8nWkak3ej7LBKjRZXsw","26.195108 127.720963",2